Орган/район;Дата/час скоєння;Вулиця;Будинок;EO особа
ФРАНКІВСЬКИЙ ВІДДІЛ ПОЛІЦІЇ ГУНП У ЛЬВІВСЬКІЙ ОБЛАСТІ;12.04.2015 22:17;Айвазовського І.;10;ЗАЯВНИК
ГАЛИЦЬКИЙ ВІДДІЛ ПОЛІЦІЇ ГУНП У ЛЬВІВСЬКІЙ ОБЛАСТІ;08.07.2015 10:52;Архипенка О.;;УЧАСНИК ПОДІІ
ГАЛИЦЬКИЙ ВІДДІЛ ПОЛІЦІЇ ГУНП У ЛЬВІВСЬКІЙ ОБЛАСТІ;30.03.2015 23:05;Лепкого Б.;;ЗАЯВНИК
ЛИЧАКІВСЬКИЙ ВІДДІЛ ПОЛІЦІЇ ГУНП У ЛЬВІВСЬКІЙ ОБЛАСТІ;27.08.2015 17:08;Хмельницького (Винники);176;ЗАЯВНИК
ШЕВЧЕНКІВСЬКИЙ ВІДДІЛ ПОЛІЦІЇ ГУНП У ЛЬВІВСЬКІЙ ОБЛАСТІ;27.10.2015 12:27;Базарна;50;ЗАЯВНИК
ГАЛИЦЬКИЙ ВІДДІЛ ПОЛІЦІЇ ГУНП У ЛЬВІВСЬКІЙ ОБЛАСТІ;25.12.2015 19:00;Балабана М.;;ЗАЯВНИК
ГАЛИЦЬКИЙ ВІДДІЛ ПОЛІЦІЇ ГУНП У ЛЬВІВСЬКІЙ ОБЛАСТІ;31.12.2015 1:22;Бандери С.;;ЗАЯВНИК
ФРАНКІВСЬКИЙ ВІДДІЛ ПОЛІЦІЇ ГУНП У ЛЬВІВСЬКІЙ ОБЛАСТІ;12.08.2015 12:18;Бойківська;;ЗАЯВНИК
ФРАНКІВСЬКИЙ ВІДДІЛ ПОЛІЦІЇ ГУНП У ЛЬВІВСЬКІЙ ОБЛАСТІ;08.12.2015 20:05;Бойчука М.;3;ЗАЯВНИК
ФРАНКІВСЬКИЙ ВІДДІЛ ПОЛІЦІЇ ГУНП У ЛЬВІВСЬКІЙ ОБЛАСТІ;17.08.2015 16:45;Бойчука М.;;ЗАЯВНИК
ФРАНКІВСЬКИЙ ВІДДІЛ ПОЛІЦІЇ ГУНП У ЛЬВІВСЬКІЙ ОБЛАСТІ;18.07.2015 19:00;Бойчука М.;;ЗАЯВНИК
ЗАЛІЗНИЧНИЙ ВІДДІЛ ПОЛІЦІЇ ГУНП У ЛЬВІВСЬКІЙ ОБЛАСТІ;27.04.2015 21:58;Бортнянського Д.;25;ЗАЯВНИК
ЗАЛІЗНИЧНИЙ ВІДДІЛ ПОЛІЦІЇ ГУНП У ЛЬВІВСЬКІЙ ОБЛАСТІ;20.01.2015 22:09;Бортнянського Д.;;ЗАЯВНИК
ФРАНКІВСЬКИЙ ВІДДІЛ ПОЛІЦІЇ ГУНП У ЛЬВІВСЬКІЙ ОБЛАСТІ;03.03.2015 19:51;Боткіна С.;27;ЗАЯВНИК
ЗАЛІЗНИЧНИЙ ВІДДІЛ ПОЛІЦІЇ ГУНП У ЛЬВІВСЬКІЙ ОБЛАСТІ;08.09.2015 15:20;Братів Міхновських;;ЗАЯВНИК
ЗАЛІЗНИЧНИЙ ВІДДІЛ ПОЛІЦІЇ ГУНП У ЛЬВІВСЬКІЙ ОБЛАСТІ;04.09.2015 16:55;Братів Міхновських;;ЗАЯВНИК
ФРАНКІВСЬКИЙ ВІДДІЛ ПОЛІЦІЇ ГУНП У ЛЬВІВСЬКІЙ ОБЛАСТІ;26.12.2015 5:00;Володимира Великого;13;ЗАЯВНИК
ФРАНКІВСЬКИЙ ВІДДІЛ ПОЛІЦІЇ ГУНП У ЛЬВІВСЬКІЙ ОБЛАСТІ;12.12.2015 12:55;Володимира Великого;58;
ФРАНКІВСЬКИЙ ВІДДІЛ ПОЛІЦІЇ ГУНП У ЛЬВІВСЬКІЙ ОБЛАСТІ;09.12.2015 0:20;Володимира Великого;59;ЗАЯВНИК
ФРАНКІВСЬКИЙ ВІДДІЛ ПОЛІЦІЇ ГУНП У ЛЬВІВСЬКІЙ ОБЛАСТІ;01.10.2015 22:28;Володимира Великого;50;ЗАЯВНИК
ФРАНКІВСЬКИЙ ВІДДІЛ ПОЛІЦІЇ ГУНП У ЛЬВІВСЬКІЙ ОБЛАСТІ;19.09.2015 16:10;Володимира Великого;35;ЗАЯВНИК
ФРАНКІВСЬКИЙ ВІДДІЛ ПОЛІЦІЇ ГУНП У ЛЬВІВСЬКІЙ ОБЛАСТІ;16.09.2015 19:20;Володимира Великого;117;ЗАЯВНИК
ФРАНКІВСЬКИЙ ВІДДІЛ ПОЛІЦІЇ ГУНП У ЛЬВІВСЬКІЙ ОБЛАСТІ;04.09.2015 20:00;Володимира Великого;29;ЗАЯВНИК
ЗАЛІЗНИЧНИЙ ВІДДІЛ ПОЛІЦІЇ ГУНП У ЛЬВІВСЬКІЙ ОБЛАСТІ;08.08.2015 22:00;Володимира Великого;;ЗАЯВНИК
ФРАНКІВСЬКИЙ ВІДДІЛ ПОЛІЦІЇ ГУНП У ЛЬВІВСЬКІЙ ОБЛАСТІ;08.08.2015 11:00;Володимира Великого;61;УЧАСНИК ПОДІІ
ФРАНКІВСЬКИЙ ВІДДІЛ ПОЛІЦІЇ ГУНП У ЛЬВІВСЬКІЙ ОБЛАСТІ;01.08.2015 14:00;Володимира Великого;11;ЗАЯВНИК
ФРАНКІВСЬКИЙ ВІДДІЛ ПОЛІЦІЇ ГУНП У ЛЬВІВСЬКІЙ ОБЛАСТІ;01.07.2015 16:00;Володимира Великого;37;ЗАЯВНИК
ФРАНКІВСЬКИЙ ВІДДІЛ ПОЛІЦІЇ ГУНП У ЛЬВІВСЬКІЙ ОБЛАСТІ;23.06.2015 14:00;Володимира Великого;14А;ЗАЯВНИК
ФРАНКІВСЬКИЙ ВІДДІЛ ПОЛІЦІЇ ГУНП У ЛЬВІВСЬКІЙ ОБЛАСТІ;20.06.2015 0:30;Володимира Великого;51;ЗАЯВНИК
ЗАЛІЗНИЧНИЙ ВІДДІЛ ПОЛІЦІЇ ГУНП У ЛЬВІВСЬКІЙ ОБЛАСТІ;26.04.2015 17:13;Володимира Великого;3;ЗАЯВНИК
ГАЛИЦЬКИЙ ВІДДІЛ ПОЛІЦІЇ ГУНП У ЛЬВІВСЬКІЙ ОБЛАСТІ;19.10.2015 1:00;Валова;20;ЗАЯВНИК
ШЕВЧЕНКІВСЬКИЙ ВІДДІЛ ПОЛІЦІЇ ГУНП У ЛЬВІВСЬКІЙ ОБЛАСТІ;20.11.2015 8:34;Варшавська;70;ЗАЯВНИК
ШЕВЧЕНКІВСЬКИЙ ВІДДІЛ ПОЛІЦІЇ ГУНП У ЛЬВІВСЬКІЙ ОБЛАСТІ;09.08.2015 22:00;Варшавська;;ЗАЯВНИК
ШЕВЧЕНКІВСЬКИЙ ВІДДІЛ ПОЛІЦІЇ ГУНП У ЛЬВІВСЬКІЙ ОБЛАСТІ;31.05.2015 0:54;Варшавська;40;ЗАЯВНИК
ШЕВЧЕНКІВСЬКИЙ ВІДДІЛ ПОЛІЦІЇ ГУНП У ЛЬВІВСЬКІЙ ОБЛАСТІ;04.05.2015 11:05;Варшавська;;ЗАЯВНИК
ШЕВЧЕНКІВСЬКИЙ ВІДДІЛ ПОЛІЦІЇ ГУНП У ЛЬВІВСЬКІЙ ОБЛАСТІ;02.04.2015 22:14;Варшавська;68;ЗАЯВНИК
ЛИЧАКІВСЬКИЙ ВІДДІЛ ПОЛІЦІЇ ГУНП У ЛЬВІВСЬКІЙ ОБЛАСТІ;27.07.2015 10:18;Вашингтона Дж.;1;ЗАЯВНИК
ШЕВЧЕНКІВСЬКИЙ ВІДДІЛ ПОЛІЦІЇ ГУНП У ЛЬВІВСЬКІЙ ОБЛАСТІ;10.04.2015 17:30;Величковського І.;2;ЗАЯВНИК
ШЕВЧЕНКІВСЬКИЙ ВІДДІЛ ПОЛІЦІЇ ГУНП У ЛЬВІВСЬКІЙ ОБЛАСТІ;28.09.2015 0:40;Вербова;15;ЗАЯВНИК
ЗАЛІЗНИЧНИЙ ВІДДІЛ ПОЛІЦІЇ ГУНП У ЛЬВІВСЬКІЙ ОБЛАСТІ;26.08.2015 20:49;Виговського І.;;ЗАЯВНИК
ЗАЛІЗНИЧНИЙ ВІДДІЛ ПОЛІЦІЇ ГУНП У ЛЬВІВСЬКІЙ ОБЛАСТІ;25.08.2015 21:10;Виговського І.;71;ЗАЯВНИК
ЗАЛІЗНИЧНИЙ ВІДДІЛ ПОЛІЦІЇ ГУНП У ЛЬВІВСЬКІЙ ОБЛАСТІ;25.08.2015 12:05;Виговського І.;15;ЗАЯВНИК
СИХІВСЬКИЙ ВІДДІЛ ПОЛІЦІЇ ГУНП У ЛЬВІВСЬКІЙ ОБЛАСТІ;31.07.2015 10:30;Виговського І.;31А;
ЗАЛІЗНИЧНИЙ ВІДДІЛ ПОЛІЦІЇ ГУНП У ЛЬВІВСЬКІЙ ОБЛАСТІ;02.07.2015 17:05;Виговського І.;79;ЗАЯВНИК
ЗАЛІЗНИЧНИЙ ВІДДІЛ ПОЛІЦІЇ ГУНП У ЛЬВІВСЬКІЙ ОБЛАСТІ;22.06.2015 13:25;Виговського І.;3;ЗАЯВНИК
ЗАЛІЗНИЧНИЙ ВІДДІЛ ПОЛІЦІЇ ГУНП У ЛЬВІВСЬКІЙ ОБЛАСТІ;24.01.2015 21:25;Виговського І.;89;ЗАЯВНИК
ЗАЛІЗНИЧНИЙ ВІДДІЛ ПОЛІЦІЇ ГУНП У ЛЬВІВСЬКІЙ ОБЛАСТІ;19.08.2015 1:24;Виговського І.;;ЗАЯВНИК
ЗАЛІЗНИЧНИЙ ВІДДІЛ ПОЛІЦІЇ ГУНП У ЛЬВІВСЬКІЙ ОБЛАСТІ;08.08.2015 12:14;Виговського І.;;ЗАЯВНИК
ЗАЛІЗНИЧНИЙ ВІДДІЛ ПОЛІЦІЇ ГУНП У ЛЬВІВСЬКІЙ ОБЛАСТІ;24.07.2015 17:35;Виговського І.;;ЗАЯВНИК
ЗАЛІЗНИЧНИЙ ВІДДІЛ ПОЛІЦІЇ ГУНП У ЛЬВІВСЬКІЙ ОБЛАСТІ;15.07.2015 16:06;Виговського І.;34;ЗАЯВНИК
ЗАЛІЗНИЧНИЙ ВІДДІЛ ПОЛІЦІЇ ГУНП У ЛЬВІВСЬКІЙ ОБЛАСТІ;17.06.2015 15:29;Виговського І.;5;ЗАЯВНИК
ЗАЛІЗНИЧНИЙ ВІДДІЛ ПОЛІЦІЇ ГУНП У ЛЬВІВСЬКІЙ ОБЛАСТІ;17.04.2015 17:26;Виговського І.;65;ЗАЯВНИК
ЗАЛІЗНИЧНИЙ ВІДДІЛ ПОЛІЦІЇ ГУНП У ЛЬВІВСЬКІЙ ОБЛАСТІ;17.03.2015 2:20;Виговського І.;29;ЗАЯВНИК
ЗАЛІЗНИЧНИЙ ВІДДІЛ ПОЛІЦІЇ ГУНП У ЛЬВІВСЬКІЙ ОБЛАСТІ;08.08.2015 17:20;Виговського І. - Любінська;;ЗАТРИМАНИЙ
ЗАЛІЗНИЧНИЙ ВІДДІЛ ПОЛІЦІЇ ГУНП У ЛЬВІВСЬКІЙ ОБЛАСТІ;12.11.2015 2:15;Вигоди;56;ЗАЯВНИК
ЗАЛІЗНИЧНИЙ ВІДДІЛ ПОЛІЦІЇ ГУНП У ЛЬВІВСЬКІЙ ОБЛАСТІ;15.02.2015 19:29;Вигоди;60;ЗАЯВНИК
ГАЛИЦЬКИЙ ВІДДІЛ ПОЛІЦІЇ ГУНП У ЛЬВІВСЬКІЙ ОБЛАСТІ;02.08.2015 9:36;Винниченка В.;4;ЗАЯВНИК
ГАЛИЦЬКИЙ ВІДДІЛ ПОЛІЦІЇ ГУНП У ЛЬВІВСЬКІЙ ОБЛАСТІ;15.04.2015 2:00;Вірменська;;ЗАЯВНИК
ГАЛИЦЬКИЙ ВІДДІЛ ПОЛІЦІЇ ГУНП У ЛЬВІВСЬКІЙ ОБЛАСТІ;28.07.2015 18:30;Вітовського Д.;15;ЗАЯВНИК
ГАЛИЦЬКИЙ ВІДДІЛ ПОЛІЦІЇ ГУНП У ЛЬВІВСЬКІЙ ОБЛАСТІ;04.05.2015 3:25;Вітовського Д.;20;ЗАЯВНИК
ФРАНКІВСЬКИЙ ВІДДІЛ ПОЛІЦІЇ ГУНП У ЛЬВІВСЬКІЙ ОБЛАСТІ;06.08.2015 15:00;Володимира Великого;103;ЗАЯВНИК
ФРАНКІВСЬКИЙ ВІДДІЛ ПОЛІЦІЇ ГУНП У ЛЬВІВСЬКІЙ ОБЛАСТІ;24.06.2015 15:48;Володимира Великого;5;ЗАЯВНИК
ФРАНКІВСЬКИЙ ВІДДІЛ ПОЛІЦІЇ ГУНП У ЛЬВІВСЬКІЙ ОБЛАСТІ;17.06.2015 11:28;Володимира Великого;79;ЗАЯВНИК
ФРАНКІВСЬКИЙ ВІДДІЛ ПОЛІЦІЇ ГУНП У ЛЬВІВСЬКІЙ ОБЛАСТІ;11.06.2015 14:00;Володимира Великого;;ЗАЯВНИК
ФРАНКІВСЬКИЙ ВІДДІЛ ПОЛІЦІЇ ГУНП У ЛЬВІВСЬКІЙ ОБЛАСТІ;05.06.2015 18:19;Володимира Великого;5;ЗАЯВНИК
ФРАНКІВСЬКИЙ ВІДДІЛ ПОЛІЦІЇ ГУНП У ЛЬВІВСЬКІЙ ОБЛАСТІ;13.04.2015 5:59;Володимира Великого;93А;ЗАЯВНИК
ФРАНКІВСЬКИЙ ВІДДІЛ ПОЛІЦІЇ ГУНП У ЛЬВІВСЬКІЙ ОБЛАСТІ;10.04.2015 21:11;Володимира Великого;111;ЗАЯВНИК
ЛИЧАКІВСЬКИЙ ВІДДІЛ ПОЛІЦІЇ ГУНП У ЛЬВІВСЬКІЙ ОБЛАСТІ;10.12.2015 4:23;Воробкевича С.;19;ЗАЯВНИК
ЗАЛІЗНИЧНИЙ ВІДДІЛ ПОЛІЦІЇ ГУНП У ЛЬВІВСЬКІЙ ОБЛАСТІ;21.09.2015 22:02;Виговського І.;4;ЗАЯВНИК
ШЕВЧЕНКІВСЬКИЙ ВІДДІЛ ПОЛІЦІЇ ГУНП У ЛЬВІВСЬКІЙ ОБЛАСТІ;24.04.2015 14:00;Мазепи І.,гетьмана;7;УЧАСНИК ПОДІІ-ПОСТРАЖДАЛИЙ
СИХІВСЬКИЙ ВІДДІЛ ПОЛІЦІЇ ГУНП У ЛЬВІВСЬКІЙ ОБЛАСТІ;05.02.2015 21:40;Хоткевича Г.;;ЗАЯВНИК
ЛИЧАКІВСЬКИЙ ВІДДІЛ ПОЛІЦІЇ ГУНП У ЛЬВІВСЬКІЙ ОБЛАСТІ;20.05.2015 4:26;Гагаріна Ю. (Винники);14;ЗАЯВНИК
ШЕВЧЕНКІВСЬКИЙ ВІДДІЛ ПОЛІЦІЇ ГУНП У ЛЬВІВСЬКІЙ ОБЛАСТІ;16.05.2015 0:20;Гайдамацька;2;ЗАЯВНИК
СИХІВСЬКИЙ ВІДДІЛ ПОЛІЦІЇ ГУНП У ЛЬВІВСЬКІЙ ОБЛАСТІ;09.12.2015 16:40;Гашека Я.;;
ЛИЧАКІВСЬКИЙ ВІДДІЛ ПОЛІЦІЇ ГУНП У ЛЬВІВСЬКІЙ ОБЛАСТІ;10.04.2015 8:56;Глинянський Тракт;153;ЗАЯВНИК
ЛИЧАКІВСЬКИЙ ВІДДІЛ ПОЛІЦІЇ ГУНП У ЛЬВІВСЬКІЙ ОБЛАСТІ;09.04.2015 18:28;Глинянський Тракт;161;ЗАЯВНИК
ЛИЧАКІВСЬКИЙ ВІДДІЛ ПОЛІЦІЇ ГУНП У ЛЬВІВСЬКІЙ ОБЛАСТІ;09.04.2015 1:52;Глинянський Тракт;161Б;ЗАЯВНИК
ЛИЧАКІВСЬКИЙ ВІДДІЛ ПОЛІЦІЇ ГУНП У ЛЬВІВСЬКІЙ ОБЛАСТІ;25.03.2015 16:25;Глинянський Тракт;;ЗАЯВНИК
ЗАЛІЗНИЧНИЙ ВІДДІЛ ПОЛІЦІЇ ГУНП У ЛЬВІВСЬКІЙ ОБЛАСТІ;22.07.2015 12:55;Гніздовського Я.;;ЗАЯВНИК
ГАЛИЦЬКИЙ ВІДДІЛ ПОЛІЦІЇ ГУНП У ЛЬВІВСЬКІЙ ОБЛАСТІ;15.08.2015 23:15;Гоголя М.;7;ЗАЯВНИК
ФРАНКІВСЬКИЙ ВІДДІЛ ПОЛІЦІЇ ГУНП У ЛЬВІВСЬКІЙ ОБЛАСТІ;13.05.2015 16:02;Гординських;;ЗАТРИМАНИЙ
ФРАНКІВСЬКИЙ ВІДДІЛ ПОЛІЦІЇ ГУНП У ЛЬВІВСЬКІЙ ОБЛАСТІ;15.12.2015 23:00;Городоцька;179;ЗАЯВНИК
ГАЛИЦЬКИЙ ВІДДІЛ ПОЛІЦІЇ ГУНП У ЛЬВІВСЬКІЙ ОБЛАСТІ;14.12.2015 6:00;Городоцька;44;ЗАЯВНИК
ФРАНКІВСЬКИЙ ВІДДІЛ ПОЛІЦІЇ ГУНП У ЛЬВІВСЬКІЙ ОБЛАСТІ;07.11.2015 7:00;Городоцька;165;ЗАЯВНИК
ШЕВЧЕНКІВСЬКИЙ ВІДДІЛ ПОЛІЦІЇ ГУНП У ЛЬВІВСЬКІЙ ОБЛАСТІ;04.11.2015 18:30;Городоцька;;ЗАЯВНИК
ФРАНКІВСЬКИЙ ВІДДІЛ ПОЛІЦІЇ ГУНП У ЛЬВІВСЬКІЙ ОБЛАСТІ;19.10.2015 17:20;Городоцька;211;ЗАЯВНИК
ЗАЛІЗНИЧНИЙ ВІДДІЛ ПОЛІЦІЇ ГУНП У ЛЬВІВСЬКІЙ ОБЛАСТІ;21.09.2015 22:45;Городоцька;149;ЗАЯВНИК
ЗАЛІЗНИЧНИЙ ВІДДІЛ ПОЛІЦІЇ ГУНП У ЛЬВІВСЬКІЙ ОБЛАСТІ;19.09.2015 0:36;Городоцька;;
ГАЛИЦЬКИЙ ВІДДІЛ ПОЛІЦІЇ ГУНП У ЛЬВІВСЬКІЙ ОБЛАСТІ;08.09.2015 21:30;Городоцька;61;ЗАЯВНИК
ЗАЛІЗНИЧНИЙ ВІДДІЛ ПОЛІЦІЇ ГУНП У ЛЬВІВСЬКІЙ ОБЛАСТІ;09.08.2015 0:35;Городоцька;;ЗАЯВНИК
ГАЛИЦЬКИЙ ВІДДІЛ ПОЛІЦІЇ ГУНП У ЛЬВІВСЬКІЙ ОБЛАСТІ;31.07.2015 22:35;Городоцька;55;ЗАЯВНИК
ФРАНКІВСЬКИЙ ВІДДІЛ ПОЛІЦІЇ ГУНП У ЛЬВІВСЬКІЙ ОБЛАСТІ;05.07.2015 15:00;Городоцька;217;ЗАЯВНИК
ФРАНКІВСЬКИЙ ВІДДІЛ ПОЛІЦІЇ ГУНП У ЛЬВІВСЬКІЙ ОБЛАСТІ;03.07.2015 16:44;Городоцька;231;ЗАЯВНИК
ФРАНКІВСЬКИЙ ВІДДІЛ ПОЛІЦІЇ ГУНП У ЛЬВІВСЬКІЙ ОБЛАСТІ;09.06.2015 20:44;Городоцька;239;ЗАЯВНИК
ФРАНКІВСЬКИЙ ВІДДІЛ ПОЛІЦІЇ ГУНП У ЛЬВІВСЬКІЙ ОБЛАСТІ;16.04.2015 3:35;Городоцька;;ЗАЯВНИК
ГАЛИЦЬКИЙ ВІДДІЛ ПОЛІЦІЇ ГУНП У ЛЬВІВСЬКІЙ ОБЛАСТІ;13.04.2015 5:00;Городоцька;7;ЗАЯВНИК
ГАЛИЦЬКИЙ ВІДДІЛ ПОЛІЦІЇ ГУНП У ЛЬВІВСЬКІЙ ОБЛАСТІ;07.04.2015 13:29;Городоцька;;ЗАЯВНИК
ЗАЛІЗНИЧНИЙ ВІДДІЛ ПОЛІЦІЇ ГУНП У ЛЬВІВСЬКІЙ ОБЛАСТІ;10.03.2015 9:45;Городоцька;;ЗАЯВНИК
ГАЛИЦЬКИЙ ВІДДІЛ ПОЛІЦІЇ ГУНП У ЛЬВІВСЬКІЙ ОБЛАСТІ;07.03.2015 14:54;Городоцька;;ЗАЯВНИК
ГАЛИЦЬКИЙ ВІДДІЛ ПОЛІЦІЇ ГУНП У ЛЬВІВСЬКІЙ ОБЛАСТІ;07.03.2015 2:00;Городоцька;5;ЗАЯВНИК
ЗАЛІЗНИЧНИЙ ВІДДІЛ ПОЛІЦІЇ ГУНП У ЛЬВІВСЬКІЙ ОБЛАСТІ;20.01.2015 21:31;Городоцька;311;ЗАЯВНИК
ГАЛИЦЬКИЙ ВІДДІЛ ПОЛІЦІЇ ГУНП У ЛЬВІВСЬКІЙ ОБЛАСТІ;17.01.2015 19:02;Городоцька;53;ЗАЯВНИК
ЗАЛІЗНИЧНИЙ ВІДДІЛ ПОЛІЦІЇ ГУНП У ЛЬВІВСЬКІЙ ОБЛАСТІ;13.05.2015 23:00;Городоцька - Сяйво;;ЗАЯВНИК
ФРАНКІВСЬКИЙ ВІДДІЛ ПОЛІЦІЇ ГУНП У ЛЬВІВСЬКІЙ ОБЛАСТІ;07.09.2015 0:30;Городоцька - Тобілевича;;ЗАЯВНИК
ШЕВЧЕНКІВСЬКИЙ ВІДДІЛ ПОЛІЦІЇ ГУНП У ЛЬВІВСЬКІЙ ОБЛАСТІ;09.04.2015 22:00;Городоцька - Чернівецька;;ЗАЯВНИК
ШЕВЧЕНКІВСЬКИЙ ВІДДІЛ ПОЛІЦІЇ ГУНП У ЛЬВІВСЬКІЙ ОБЛАСТІ;21.06.2015 21:10;Городоцька;;ПОСТРАЖДАЛИЙ (ПОТЕРПІЛИЙ)
ШЕВЧЕНКІВСЬКИЙ ВІДДІЛ ПОЛІЦІЇ ГУНП У ЛЬВІВСЬКІЙ ОБЛАСТІ;02.01.2015 8:04;Грінченка Б.;1;ЗАЯВНИК
ШЕВЧЕНКІВСЬКИЙ ВІДДІЛ ПОЛІЦІЇ ГУНП У ЛЬВІВСЬКІЙ ОБЛАСТІ;27.11.2015 22:05;Грінченка Б.;1;ЗАЯВНИК
ШЕВЧЕНКІВСЬКИЙ ВІДДІЛ ПОЛІЦІЇ ГУНП У ЛЬВІВСЬКІЙ ОБЛАСТІ;03.10.2015 1:23;Грінченка Б.;;ЗАЯВНИК
ЗАЛІЗНИЧНИЙ ВІДДІЛ ПОЛІЦІЇ ГУНП У ЛЬВІВСЬКІЙ ОБЛАСТІ;09.03.2015 20:20;Двірцева;;ЗАЯВНИК
ЗАЛІЗНИЧНИЙ ВІДДІЛ ПОЛІЦІЇ ГУНП У ЛЬВІВСЬКІЙ ОБЛАСТІ;10.10.2015 7:50;Двірцева;;ЗАЯВНИК
ЗАЛІЗНИЧНИЙ ВІДДІЛ ПОЛІЦІЇ ГУНП У ЛЬВІВСЬКІЙ ОБЛАСТІ;29.05.2015 10:40;Двірцева;;
ЗАЛІЗНИЧНИЙ ВІДДІЛ ПОЛІЦІЇ ГУНП У ЛЬВІВСЬКІЙ ОБЛАСТІ;12.08.2015 3:05;Двірцева;;ЗАЯВНИК
ЗАЛІЗНИЧНИЙ ВІДДІЛ ПОЛІЦІЇ ГУНП У ЛЬВІВСЬКІЙ ОБЛАСТІ;09.05.2015 13:15;Двірцева;;ЗАЯВНИК
ЗАЛІЗНИЧНИЙ ВІДДІЛ ПОЛІЦІЇ ГУНП У ЛЬВІВСЬКІЙ ОБЛАСТІ;29.11.2015 12:00;Двірцева;1;
СИХІВСЬКИЙ ВІДДІЛ ПОЛІЦІЇ ГУНП У ЛЬВІВСЬКІЙ ОБЛАСТІ;06.06.2015 21:20;Демянська;;ЗАЯВНИК
СИХІВСЬКИЙ ВІДДІЛ ПОЛІЦІЇ ГУНП У ЛЬВІВСЬКІЙ ОБЛАСТІ;07.05.2015 13:05;Демянська;6 А;ЗАЯВНИК
ГАЛИЦЬКИЙ ВІДДІЛ ПОЛІЦІЇ ГУНП У ЛЬВІВСЬКІЙ ОБЛАСТІ;22.08.2015 5:57;Джерельна;20;ЗАЯВНИК
ШЕВЧЕНКІВСЬКИЙ ВІДДІЛ ПОЛІЦІЇ ГУНП У ЛЬВІВСЬКІЙ ОБЛАСТІ;18.03.2015 2:51;Джерельна;34;ЗАЯВНИК
ГАЛИЦЬКИЙ ВІДДІЛ ПОЛІЦІЇ ГУНП У ЛЬВІВСЬКІЙ ОБЛАСТІ;14.10.2015 1:30;Джерельна;26;ЗАЯВНИК
ШЕВЧЕНКІВСЬКИЙ ВІДДІЛ ПОЛІЦІЇ ГУНП У ЛЬВІВСЬКІЙ ОБЛАСТІ;14.10.2015 1:30;Джерельна;26;ЗАЯВНИК
ГАЛИЦЬКИЙ ВІДДІЛ ПОЛІЦІЇ ГУНП У ЛЬВІВСЬКІЙ ОБЛАСТІ;25.07.2015 14:00;Джерельна;36/1;ЗАЯВНИК
ГАЛИЦЬКИЙ ВІДДІЛ ПОЛІЦІЇ ГУНП У ЛЬВІВСЬКІЙ ОБЛАСТІ;15.05.2015 3:00;Джерельна;25;ЗАЯВНИК
СИХІВСЬКИЙ ВІДДІЛ ПОЛІЦІЇ ГУНП У ЛЬВІВСЬКІЙ ОБЛАСТІ;03.08.2015 8:43;Дністерська;;ЗАЯВНИК
СИХІВСЬКИЙ ВІДДІЛ ПОЛІЦІЇ ГУНП У ЛЬВІВСЬКІЙ ОБЛАСТІ;27.07.2015 3:04;Дністерська;;ЗАЯВНИК
СИХІВСЬКИЙ ВІДДІЛ ПОЛІЦІЇ ГУНП У ЛЬВІВСЬКІЙ ОБЛАСТІ;25.07.2015 13:03;Дністерська;24;ЗАЯВНИК
СИХІВСЬКИЙ ВІДДІЛ ПОЛІЦІЇ ГУНП У ЛЬВІВСЬКІЙ ОБЛАСТІ;16.07.2015 10:54;Дністерська;;ЗАЯВНИК
СИХІВСЬКИЙ ВІДДІЛ ПОЛІЦІЇ ГУНП У ЛЬВІВСЬКІЙ ОБЛАСТІ;12.05.2015 19:25;Дністерська;2;ЗАЯВНИК
СИХІВСЬКИЙ ВІДДІЛ ПОЛІЦІЇ ГУНП У ЛЬВІВСЬКІЙ ОБЛАСТІ;05.05.2015 12:32;Дністерська;27;ЗАЯВНИК
СИХІВСЬКИЙ ВІДДІЛ ПОЛІЦІЇ ГУНП У ЛЬВІВСЬКІЙ ОБЛАСТІ;25.10.2015 3:15;Довженка О.;;УЧАСНИК ПОДІІ
ШЕВЧЕНКІВСЬКИЙ ВІДДІЛ ПОЛІЦІЇ ГУНП У ЛЬВІВСЬКІЙ ОБЛАСТІ;30.05.2015 22:10;Долинського Л.;3;ЗАЯВНИК
ГАЛИЦЬКИЙ ВІДДІЛ ПОЛІЦІЇ ГУНП У ЛЬВІВСЬКІЙ ОБЛАСТІ;04.11.2015 19:25;Дорошенка П.;14;ЗАЯВНИК
ГАЛИЦЬКИЙ ВІДДІЛ ПОЛІЦІЇ ГУНП У ЛЬВІВСЬКІЙ ОБЛАСТІ;21.03.2015 5:12;Дорошенка П.;;ЗАЯВНИК
ГАЛИЦЬКИЙ ВІДДІЛ ПОЛІЦІЇ ГУНП У ЛЬВІВСЬКІЙ ОБЛАСТІ;13.03.2015 19:51;Дудаєва Дж.;8;ЗАЯВНИК
СИХІВСЬКИЙ ВІДДІЛ ПОЛІЦІЇ ГУНП У ЛЬВІВСЬКІЙ ОБЛАСТІ;12.10.2015 22:30;Дунайська;7;ЗАЯВНИК
СИХІВСЬКИЙ ВІДДІЛ ПОЛІЦІЇ ГУНП У ЛЬВІВСЬКІЙ ОБЛАСТІ;16.05.2015 20:30;Енергетична;;ЗАЯВНИК
ШЕВЧЕНКІВСЬКИЙ ВІДДІЛ ПОЛІЦІЇ ГУНП У ЛЬВІВСЬКІЙ ОБЛАСТІ;25.06.2015 23:40;Жовківська;;ЗАЯВНИК
ШЕВЧЕНКІВСЬКИЙ ВІДДІЛ ПОЛІЦІЇ ГУНП У ЛЬВІВСЬКІЙ ОБЛАСТІ;07.11.2015 19:00;Жовківська - Шкілька;;ЗАЯВНИК
ЗАЛІЗНИЧНИЙ ВІДДІЛ ПОЛІЦІЇ ГУНП У ЛЬВІВСЬКІЙ ОБЛАСТІ;26.02.2015 19:57;Журавлина;7;ЗАЯВНИК
ЗАЛІЗНИЧНИЙ ВІДДІЛ ПОЛІЦІЇ ГУНП У ЛЬВІВСЬКІЙ ОБЛАСТІ;23.05.2015 23:29;Залізнична;8;ЗАЯВНИК
ШЕВЧЕНКІВСЬКИЙ ВІДДІЛ ПОЛІЦІЇ ГУНП У ЛЬВІВСЬКІЙ ОБЛАСТІ;06.11.2015 21:17;Замарстинівська;15;ЗАЯВНИК
ШЕВЧЕНКІВСЬКИЙ ВІДДІЛ ПОЛІЦІЇ ГУНП У ЛЬВІВСЬКІЙ ОБЛАСТІ;05.08.2015 22:23;Замарстинівська;17;ЗАЯВНИК
ШЕВЧЕНКІВСЬКИЙ ВІДДІЛ ПОЛІЦІЇ ГУНП У ЛЬВІВСЬКІЙ ОБЛАСТІ;18.06.2015 20:34;Замарстинівська;134;ЗАЯВНИК
ГАЛИЦЬКИЙ ВІДДІЛ ПОЛІЦІЇ ГУНП У ЛЬВІВСЬКІЙ ОБЛАСТІ;05.05.2015 20:00;Замарстинівська;14;ЗАЯВНИК
ШЕВЧЕНКІВСЬКИЙ ВІДДІЛ ПОЛІЦІЇ ГУНП У ЛЬВІВСЬКІЙ ОБЛАСТІ;17.04.2015 20:01;Замарстинівська;203;ЗАЯВНИК
ШЕВЧЕНКІВСЬКИЙ ВІДДІЛ ПОЛІЦІЇ ГУНП У ЛЬВІВСЬКІЙ ОБЛАСТІ;31.10.2015 1:30;Замарстинівська;141;ПОСТРАЖДАЛИЙ (ПОТЕРПІЛИЙ)
ШЕВЧЕНКІВСЬКИЙ ВІДДІЛ ПОЛІЦІЇ ГУНП У ЛЬВІВСЬКІЙ ОБЛАСТІ;19.10.2015 5:20;Замарстинівська;;ЗАЯВНИК
ШЕВЧЕНКІВСЬКИЙ ВІДДІЛ ПОЛІЦІЇ ГУНП У ЛЬВІВСЬКІЙ ОБЛАСТІ;28.09.2015 0:20;Замарстинівська;72;ЗАЯВНИК
ГАЛИЦЬКИЙ ВІДДІЛ ПОЛІЦІЇ ГУНП У ЛЬВІВСЬКІЙ ОБЛАСТІ;28.04.2015 15:00;Зарицьких;;ЗАЯВНИК
СИХІВСЬКИЙ ВІДДІЛ ПОЛІЦІЇ ГУНП У ЛЬВІВСЬКІЙ ОБЛАСТІ;16.09.2015 2:20;Зелена;320;ОСОБА, НА ЯКУ ВКАЗАВ СВІДОК АБО ІНШІ ОБСТАВИНИ
СИХІВСЬКИЙ ВІДДІЛ ПОЛІЦІЇ ГУНП У ЛЬВІВСЬКІЙ ОБЛАСТІ;06.08.2015 18:56;Зелена;251;ЗАЯВНИК
СИХІВСЬКИЙ ВІДДІЛ ПОЛІЦІЇ ГУНП У ЛЬВІВСЬКІЙ ОБЛАСТІ;03.08.2015 12:32;Зелена;196;ЗАЯВНИК
ЛИЧАКІВСЬКИЙ ВІДДІЛ ПОЛІЦІЇ ГУНП У ЛЬВІВСЬКІЙ ОБЛАСТІ;07.07.2015 0:26;Зелена;36;ЗАЯВНИК
СИХІВСЬКИЙ ВІДДІЛ ПОЛІЦІЇ ГУНП У ЛЬВІВСЬКІЙ ОБЛАСТІ;19.06.2015 14:58;Зелена;370;ЗАЯВНИК
СИХІВСЬКИЙ ВІДДІЛ ПОЛІЦІЇ ГУНП У ЛЬВІВСЬКІЙ ОБЛАСТІ;10.06.2015 15:00;Зелена;;ЗАЯВНИК
СИХІВСЬКИЙ ВІДДІЛ ПОЛІЦІЇ ГУНП У ЛЬВІВСЬКІЙ ОБЛАСТІ;04.06.2015 20:11;Зелена;186;ЗАЯВНИК
СИХІВСЬКИЙ ВІДДІЛ ПОЛІЦІЇ ГУНП У ЛЬВІВСЬКІЙ ОБЛАСТІ;04.04.2015 2:36;Зелена;212Б;ЗАЯВНИК
ЛИЧАКІВСЬКИЙ ВІДДІЛ ПОЛІЦІЇ ГУНП У ЛЬВІВСЬКІЙ ОБЛАСТІ;08.12.2015 18:40;Зелена;;ЗАЯВНИК
СИХІВСЬКИЙ ВІДДІЛ ПОЛІЦІЇ ГУНП У ЛЬВІВСЬКІЙ ОБЛАСТІ;07.12.2015 19:00;Зелена;;ЗАЯВНИК
ЛИЧАКІВСЬКИЙ ВІДДІЛ ПОЛІЦІЇ ГУНП У ЛЬВІВСЬКІЙ ОБЛАСТІ;01.11.2015 4:30;Зелена;14;ЗАЯВНИК
ЛИЧАКІВСЬКИЙ ВІДДІЛ ПОЛІЦІЇ ГУНП У ЛЬВІВСЬКІЙ ОБЛАСТІ;19.09.2015 22:30;Зелена;10;ЗАЯВНИК
СИХІВСЬКИЙ ВІДДІЛ ПОЛІЦІЇ ГУНП У ЛЬВІВСЬКІЙ ОБЛАСТІ;03.08.2015 13:10;Зелена;130;ЗАЯВНИК
ЛИЧАКІВСЬКИЙ ВІДДІЛ ПОЛІЦІЇ ГУНП У ЛЬВІВСЬКІЙ ОБЛАСТІ;18.06.2015 20:20;Зелена;97;ЗАЯВНИК
ГАЛИЦЬКИЙ ВІДДІЛ ПОЛІЦІЇ ГУНП У ЛЬВІВСЬКІЙ ОБЛАСТІ;05.12.2015 5:00;Зернова;1;ЗАЯВНИК
ГАЛИЦЬКИЙ ВІДДІЛ ПОЛІЦІЇ ГУНП У ЛЬВІВСЬКІЙ ОБЛАСТІ;22.08.2015 1:00;Золота;2;ЗАЯВНИК
ШЕВЧЕНКІВСЬКИЙ ВІДДІЛ ПОЛІЦІЇ ГУНП У ЛЬВІВСЬКІЙ ОБЛАСТІ;03.08.2015 4:00;Золота;;ЗАЯВНИК
ШЕВЧЕНКІВСЬКИЙ ВІДДІЛ ПОЛІЦІЇ ГУНП У ЛЬВІВСЬКІЙ ОБЛАСТІ;02.07.2015 20:20;Золота;32;ЗАЯВНИК
СИХІВСЬКИЙ ВІДДІЛ ПОЛІЦІЇ ГУНП У ЛЬВІВСЬКІЙ ОБЛАСТІ;14.11.2015 18:35;Зубрівська;;ЗАЯВНИК
СИХІВСЬКИЙ ВІДДІЛ ПОЛІЦІЇ ГУНП У ЛЬВІВСЬКІЙ ОБЛАСТІ;21.06.2015 15:34;Зубрівська;25;ЗАЯВНИК
СИХІВСЬКИЙ ВІДДІЛ ПОЛІЦІЇ ГУНП У ЛЬВІВСЬКІЙ ОБЛАСТІ;12.03.2015 18:30;Зубрівська;26;ЗАЯВНИК
ЛИЧАКІВСЬКИЙ ВІДДІЛ ПОЛІЦІЇ ГУНП У ЛЬВІВСЬКІЙ ОБЛАСТІ;05.11.2015 21:00;Франка І. - Богомольця О.,акад.;;ЗАЯВНИК
ГАЛИЦЬКИЙ ВІДДІЛ ПОЛІЦІЇ ГУНП У ЛЬВІВСЬКІЙ ОБЛАСТІ;16.08.2015 18:30;Кирила і Мефодія;31;ЗАЯВНИК
ЛИЧАКІВСЬКИЙ ВІДДІЛ ПОЛІЦІЇ ГУНП У ЛЬВІВСЬКІЙ ОБЛАСТІ;27.05.2015 22:00;Левицького К.;;ЗАЯВНИК
ЛИЧАКІВСЬКИЙ ВІДДІЛ ПОЛІЦІЇ ГУНП У ЛЬВІВСЬКІЙ ОБЛАСТІ;26.04.2015 14:06;Левицького К.;;ЗАЯВНИК
ГАЛИЦЬКИЙ ВІДДІЛ ПОЛІЦІЇ ГУНП У ЛЬВІВСЬКІЙ ОБЛАСТІ;28.03.2015 20:20;Князя Ярослава Осмомисла;;
СИХІВСЬКИЙ ВІДДІЛ ПОЛІЦІЇ ГУНП У ЛЬВІВСЬКІЙ ОБЛАСТІ;17.12.2015 11:20;Кавалерідзе І.;;ЗАЯВНИК
СИХІВСЬКИЙ ВІДДІЛ ПОЛІЦІЇ ГУНП У ЛЬВІВСЬКІЙ ОБЛАСТІ;08.07.2015 22:05;Кавалерідзе І.;;ЗАЯВНИК
СИХІВСЬКИЙ ВІДДІЛ ПОЛІЦІЇ ГУНП У ЛЬВІВСЬКІЙ ОБЛАСТІ;23.05.2015 9:20;Кавалерідзе І.;16;ЗАЯВНИК
СИХІВСЬКИЙ ВІДДІЛ ПОЛІЦІЇ ГУНП У ЛЬВІВСЬКІЙ ОБЛАСТІ;08.08.2015 4:13;Кавалерідзе І.;1;ОСОБА, НА ЯКУ ВКАЗАВ СВІДОК АБО ІНШІ ОБСТАВИНИ
СИХІВСЬКИЙ ВІДДІЛ ПОЛІЦІЇ ГУНП У ЛЬВІВСЬКІЙ ОБЛАСТІ;07.06.2015 0:01;Кавалерідзе І.;1;ЗАЯВНИК
СИХІВСЬКИЙ ВІДДІЛ ПОЛІЦІЇ ГУНП У ЛЬВІВСЬКІЙ ОБЛАСТІ;22.02.2015 4:10;Кавалерідзе І.;19;ЗАЯВНИК
ГАЛИЦЬКИЙ ВІДДІЛ ПОЛІЦІЇ ГУНП У ЛЬВІВСЬКІЙ ОБЛАСТІ;16.01.2015 10:00;Каліча Гора;16;ЗАЯВНИК
ГАЛИЦЬКИЙ ВІДДІЛ ПОЛІЦІЇ ГУНП У ЛЬВІВСЬКІЙ ОБЛАСТІ;19.06.2015 15:36;Каліча Гора;6;ЗАЯВНИК
ЗАЛІЗНИЧНИЙ ВІДДІЛ ПОЛІЦІЇ ГУНП У ЛЬВІВСЬКІЙ ОБЛАСТІ;16.03.2015 10:58;Калнишевського П.;7;ОСОБА, НА ЯКУ ВКАЗАВ СВІДОК АБО ІНШІ ОБСТАВИНИ
ФРАНКІВСЬКИЙ ВІДДІЛ ПОЛІЦІЇ ГУНП У ЛЬВІВСЬКІЙ ОБЛАСТІ;24.04.2015 19:43;Білинського М.,капітана;23;ЗАЯВНИК
ЗАЛІЗНИЧНИЙ ВІДДІЛ ПОЛІЦІЇ ГУНП У ЛЬВІВСЬКІЙ ОБЛАСТІ;15.05.2015 19:14;Караджича В.;16;ЗАЯВНИК
ЗАЛІЗНИЧНИЙ ВІДДІЛ ПОЛІЦІЇ ГУНП У ЛЬВІВСЬКІЙ ОБЛАСТІ;03.04.2015 16:12;Караджича В.;;ЗАЯВНИК
СИХІВСЬКИЙ ВІДДІЛ ПОЛІЦІЇ ГУНП У ЛЬВІВСЬКІЙ ОБЛАСТІ;01.08.2015 6:30;Карбишева Д.;;
СИХІВСЬКИЙ ВІДДІЛ ПОЛІЦІЇ ГУНП У ЛЬВІВСЬКІЙ ОБЛАСТІ;03.06.2015 13:35;Карбишева Д.;1;ЗАЯВНИК
СИХІВСЬКИЙ ВІДДІЛ ПОЛІЦІЇ ГУНП У ЛЬВІВСЬКІЙ ОБЛАСТІ;03.06.2015 14:26;Карманського П.;;ЗАЯВНИК
ШЕВЧЕНКІВСЬКИЙ ВІДДІЛ ПОЛІЦІЇ ГУНП У ЛЬВІВСЬКІЙ ОБЛАСТІ;24.08.2015 14:15;Клепарівська;7;ЗАЯВНИК
ФРАНКІВСЬКИЙ ВІДДІЛ ПОЛІЦІЇ ГУНП У ЛЬВІВСЬКІЙ ОБЛАСТІ;19.10.2015 20:50;Княгині Ольги;;ЗАЯВНИК
ФРАНКІВСЬКИЙ ВІДДІЛ ПОЛІЦІЇ ГУНП У ЛЬВІВСЬКІЙ ОБЛАСТІ;25.10.2015 1:30;Княгині Ольги;105;ЗАЯВНИК
ФРАНКІВСЬКИЙ ВІДДІЛ ПОЛІЦІЇ ГУНП У ЛЬВІВСЬКІЙ ОБЛАСТІ;05.06.2015 13:29;Княгині Ольги;;ЗАЯВНИК
ФРАНКІВСЬКИЙ ВІДДІЛ ПОЛІЦІЇ ГУНП У ЛЬВІВСЬКІЙ ОБЛАСТІ;20.05.2015 19:23;Княгині Ольги;61;ЗАЯВНИК
ГАЛИЦЬКИЙ ВІДДІЛ ПОЛІЦІЇ ГУНП У ЛЬВІВСЬКІЙ ОБЛАСТІ;12.03.2015 23:00;Кобилянської О.;;ЗАЯВНИК
ГАЛИЦЬКИЙ ВІДДІЛ ПОЛІЦІЇ ГУНП У ЛЬВІВСЬКІЙ ОБЛАСТІ;29.08.2015 3:42;Ковжуна П.;2;ЗАЯВНИК
ГАЛИЦЬКИЙ ВІДДІЛ ПОЛІЦІЇ ГУНП У ЛЬВІВСЬКІЙ ОБЛАСТІ;04.07.2015 2:30;Ковжуна П.;4;ЗАЯВНИК
СИХІВСЬКИЙ ВІДДІЛ ПОЛІЦІЇ ГУНП У ЛЬВІВСЬКІЙ ОБЛАСТІ;05.08.2015 12:00;Коломийська;23;ЗАЯВНИК
СИХІВСЬКИЙ ВІДДІЛ ПОЛІЦІЇ ГУНП У ЛЬВІВСЬКІЙ ОБЛАСТІ;28.08.2015 6:10;Коломийська;4;ОСОБА, НА ЯКУ ВКАЗАВ СВІДОК АБО ІНШІ ОБСТАВИНИ
СИХІВСЬКИЙ ВІДДІЛ ПОЛІЦІЇ ГУНП У ЛЬВІВСЬКІЙ ОБЛАСТІ;01.07.2015 15:12;Коломийська;18;ЗАЯВНИК
СИХІВСЬКИЙ ВІДДІЛ ПОЛІЦІЇ ГУНП У ЛЬВІВСЬКІЙ ОБЛАСТІ;22.06.2015 20:39;Коломийська;19;ЗАЯВНИК
ЗАЛІЗНИЧНИЙ ВІДДІЛ ПОЛІЦІЇ ГУНП У ЛЬВІВСЬКІЙ ОБЛАСТІ;03.09.2015 12:22;Комарова В.;22;
ФРАНКІВСЬКИЙ ВІДДІЛ ПОЛІЦІЇ ГУНП У ЛЬВІВСЬКІЙ ОБЛАСТІ;28.12.2015 13:40;Кондукторська;22;ЗАЯВНИК
ФРАНКІВСЬКИЙ ВІДДІЛ ПОЛІЦІЇ ГУНП У ЛЬВІВСЬКІЙ ОБЛАСТІ;22.03.2015 19:24;Коновальця Є.;;ЗАЯВНИК
ГАЛИЦЬКИЙ ВІДДІЛ ПОЛІЦІЇ ГУНП У ЛЬВІВСЬКІЙ ОБЛАСТІ;24.08.2015 3:10;Коперника М.;20;
СИХІВСЬКИЙ ВІДДІЛ ПОЛІЦІЇ ГУНП У ЛЬВІВСЬКІЙ ОБЛАСТІ;07.10.2015 20:30;Кос-Анатольського А.;;ЗАЯВНИК
ГАЛИЦЬКИЙ ВІДДІЛ ПОЛІЦІЇ ГУНП У ЛЬВІВСЬКІЙ ОБЛАСТІ;23.08.2015 21:00;Костомарова М.;;ЗАЯВНИК
ГАЛИЦЬКИЙ ВІДДІЛ ПОЛІЦІЇ ГУНП У ЛЬВІВСЬКІЙ ОБЛАСТІ;26.01.2014 9:30;Костомарова М.;20;ЗАЯВНИК
ГАЛИЦЬКИЙ ВІДДІЛ ПОЛІЦІЇ ГУНП У ЛЬВІВСЬКІЙ ОБЛАСТІ;26.01.2015 13:16;Костомарова М.;20;ЗАЯВНИК
ФРАНКІВСЬКИЙ ВІДДІЛ ПОЛІЦІЇ ГУНП У ЛЬВІВСЬКІЙ ОБЛАСТІ;15.07.2015 2:30;Котляревського І.;37Б;ЗАЯВНИК
ШЕВЧЕНКІВСЬКИЙ ВІДДІЛ ПОЛІЦІЇ ГУНП У ЛЬВІВСЬКІЙ ОБЛАСТІ;04.08.2015 18:21;Кошиця О.;4;ЗАЯВНИК
ЛИЧАКІВСЬКИЙ ВІДДІЛ ПОЛІЦІЇ ГУНП У ЛЬВІВСЬКІЙ ОБЛАСТІ;18.08.2015 19:30;Крайня;1;ЗАЯВНИК
ГАЛИЦЬКИЙ ВІДДІЛ ПОЛІЦІЇ ГУНП У ЛЬВІВСЬКІЙ ОБЛАСТІ;02.01.2015 5:00;Проїзд Крива Липа;;ЗАЯВНИК
ГАЛИЦЬКИЙ ВІДДІЛ ПОЛІЦІЇ ГУНП У ЛЬВІВСЬКІЙ ОБЛАСТІ;01.01.2015 19:11;Кримська;26А;УЧАСНИК ПОДІІ
ГАЛИЦЬКИЙ ВІДДІЛ ПОЛІЦІЇ ГУНП У ЛЬВІВСЬКІЙ ОБЛАСТІ;19.05.2015 18:36;Кропвницького М.;4;ЗАЯВНИК
ШЕВЧЕНКІВСЬКИЙ ВІДДІЛ ПОЛІЦІЇ ГУНП У ЛЬВІВСЬКІЙ ОБЛАСТІ;23.02.2015 2:07;Крута;33;ЗАЯВНИК
ШЕВЧЕНКІВСЬКИЙ ВІДДІЛ ПОЛІЦІЇ ГУНП У ЛЬВІВСЬКІЙ ОБЛАСТІ;26.11.2015 18:15;Куліша П.;;ЗАЯВНИК
ГАЛИЦЬКИЙ ВІДДІЛ ПОЛІЦІЇ ГУНП У ЛЬВІВСЬКІЙ ОБЛАСТІ;05.10.2015 1:04;Куліша П.;13;ЗАЯВНИК
ГАЛИЦЬКИЙ ВІДДІЛ ПОЛІЦІЇ ГУНП У ЛЬВІВСЬКІЙ ОБЛАСТІ;06.05.2015 0:05;Куліша П.;;ЗАЯВНИК
ГАЛИЦЬКИЙ ВІДДІЛ ПОЛІЦІЇ ГУНП У ЛЬВІВСЬКІЙ ОБЛАСТІ;18.07.2015 22:58;Куліша П.;18;ЗАЯВНИК
ЗАЛІЗНИЧНИЙ ВІДДІЛ ПОЛІЦІЇ ГУНП У ЛЬВІВСЬКІЙ ОБЛАСТІ;06.10.2015 11:13;Кульпарківська;160;ЗАЯВНИК
СИХІВСЬКИЙ ВІДДІЛ ПОЛІЦІЇ ГУНП У ЛЬВІВСЬКІЙ ОБЛАСТІ;09.03.2015 13:10;Кульпарківська;;ЗАЯВНИК
ФРАНКІВСЬКИЙ ВІДДІЛ ПОЛІЦІЇ ГУНП У ЛЬВІВСЬКІЙ ОБЛАСТІ;31.07.2015 14:56;Кульпарківська;;ЗАЯВНИК
ФРАНКІВСЬКИЙ ВІДДІЛ ПОЛІЦІЇ ГУНП У ЛЬВІВСЬКІЙ ОБЛАСТІ;16.07.2015 15:05;Кульпарківська;139;ЗАЯВНИК
ФРАНКІВСЬКИЙ ВІДДІЛ ПОЛІЦІЇ ГУНП У ЛЬВІВСЬКІЙ ОБЛАСТІ;07.07.2015 14:46;Кульпарківська;95;ЗАЯВНИК
ФРАНКІВСЬКИЙ ВІДДІЛ ПОЛІЦІЇ ГУНП У ЛЬВІВСЬКІЙ ОБЛАСТІ;12.04.2015 20:14;Кульпарківська;95;ЗАЯВНИК
ФРАНКІВСЬКИЙ ВІДДІЛ ПОЛІЦІЇ ГУНП У ЛЬВІВСЬКІЙ ОБЛАСТІ;27.03.2015 16:35;Кульпарківська;141;ЗАЯВНИК
ЗАЛІЗНИЧНИЙ ВІДДІЛ ПОЛІЦІЇ ГУНП У ЛЬВІВСЬКІЙ ОБЛАСТІ;05.12.2015 2:01;Кульпарківська;158;ЗАЯВНИК
ЗАЛІЗНИЧНИЙ ВІДДІЛ ПОЛІЦІЇ ГУНП У ЛЬВІВСЬКІЙ ОБЛАСТІ;22.11.2015 12:00;Кульпарківська;130;ЗАЯВНИК
ЗАЛІЗНИЧНИЙ ВІДДІЛ ПОЛІЦІЇ ГУНП У ЛЬВІВСЬКІЙ ОБЛАСТІ;08.08.2015 0:00;Кульпарківська;4;ЗАТРИМАНИЙ
ЗАЛІЗНИЧНИЙ ВІДДІЛ ПОЛІЦІЇ ГУНП У ЛЬВІВСЬКІЙ ОБЛАСТІ;31.07.2015 10:59;Кульчицької О.;14;ЗАЯВНИК
ЗАЛІЗНИЧНИЙ ВІДДІЛ ПОЛІЦІЇ ГУНП У ЛЬВІВСЬКІЙ ОБЛАСТІ;13.06.2015 13:56;Кульчицької О.;15;ЗАЯВНИК
ЗАЛІЗНИЧНИЙ ВІДДІЛ ПОЛІЦІЇ ГУНП У ЛЬВІВСЬКІЙ ОБЛАСТІ;17.04.2015 13:34;Кульчицької О.;3;ЗАЯВНИК
ШЕВЧЕНКІВСЬКИЙ ВІДДІЛ ПОЛІЦІЇ ГУНП У ЛЬВІВСЬКІЙ ОБЛАСТІ;30.05.2015 20:11;Купали Я.;40;ЗАЯВНИК
ЗАЛІЗНИЧНИЙ ВІДДІЛ ПОЛІЦІЇ ГУНП У ЛЬВІВСЬКІЙ ОБЛАСТІ;14.09.2015 16:22;Курмановича В.,ген.;;ЗАЯВНИК
ФРАНКІВСЬКИЙ ВІДДІЛ ПОЛІЦІЇ ГУНП У ЛЬВІВСЬКІЙ ОБЛАСТІ;25.09.2015 17:50;Лазаренка Є.,акад.;38;ЗАЯВНИК
ФРАНКІВСЬКИЙ ВІДДІЛ ПОЛІЦІЇ ГУНП У ЛЬВІВСЬКІЙ ОБЛАСТІ;13.08.2015 18:22;Лазаренка Є.,акад.;8;ЗАЯВНИК
ЗАЛІЗНИЧНИЙ ВІДДІЛ ПОЛІЦІЇ ГУНП У ЛЬВІВСЬКІЙ ОБЛАСТІ;02.08.2015 16:55;Левандівська;;ЗАЯВНИК
ЛИЧАКІВСЬКИЙ ВІДДІЛ ПОЛІЦІЇ ГУНП У ЛЬВІВСЬКІЙ ОБЛАСТІ;20.08.2015 14:37;Левицького К.;;ЗАЯВНИК
ЛИЧАКІВСЬКИЙ ВІДДІЛ ПОЛІЦІЇ ГУНП У ЛЬВІВСЬКІЙ ОБЛАСТІ;21.07.2015 18:47;Левицького К.;67;ЗАЯВНИК
СИХІВСЬКИЙ ВІДДІЛ ПОЛІЦІЇ ГУНП У ЛЬВІВСЬКІЙ ОБЛАСТІ;27.07.2015 19:15;Лемківська;1;ЗАЯВНИК
ШЕВЧЕНКІВСЬКИЙ ВІДДІЛ ПОЛІЦІЇ ГУНП У ЛЬВІВСЬКІЙ ОБЛАСТІ;13.03.2015 16:51;Лемківська;3;ЗАЯВНИК
ГАЛИЦЬКИЙ ВІДДІЛ ПОЛІЦІЇ ГУНП У ЛЬВІВСЬКІЙ ОБЛАСТІ;09.09.2015 2:50;Українки Лесі;7;ЗАЯВНИК
ГАЛИЦЬКИЙ ВІДДІЛ ПОЛІЦІЇ ГУНП У ЛЬВІВСЬКІЙ ОБЛАСТІ;15.06.2015 21:26;Лижв'ярська;;УЧАСНИК ПОДІІ
ШЕВЧЕНКІВСЬКИЙ ВІДДІЛ ПОЛІЦІЇ ГУНП У ЛЬВІВСЬКІЙ ОБЛАСТІ;20.10.2015 21:40;Лінкольна А.;1;
ШЕВЧЕНКІВСЬКИЙ ВІДДІЛ ПОЛІЦІЇ ГУНП У ЛЬВІВСЬКІЙ ОБЛАСТІ;14.01.2015 23:40;Лінкольна А.;57;ЗАЯВНИК
ШЕВЧЕНКІВСЬКИЙ ВІДДІЛ ПОЛІЦІЇ ГУНП У ЛЬВІВСЬКІЙ ОБЛАСТІ;26.04.2015 17:40;Липи Ю.;39;ЗАЯВНИК
ШЕВЧЕНКІВСЬКИЙ ВІДДІЛ ПОЛІЦІЇ ГУНП У ЛЬВІВСЬКІЙ ОБЛАСТІ;28.12.2015 0:59;Липинського В.;11;ЗАЯВНИК
ШЕВЧЕНКІВСЬКИЙ ВІДДІЛ ПОЛІЦІЇ ГУНП У ЛЬВІВСЬКІЙ ОБЛАСТІ;29.09.2015 21:29;Липинського В.;3;ЗАЯВНИК
ШЕВЧЕНКІВСЬКИЙ ВІДДІЛ ПОЛІЦІЇ ГУНП У ЛЬВІВСЬКІЙ ОБЛАСТІ;08.09.2015 10:00;Липинського В.;54;
ШЕВЧЕНКІВСЬКИЙ ВІДДІЛ ПОЛІЦІЇ ГУНП У ЛЬВІВСЬКІЙ ОБЛАСТІ;19.07.2015 4:00;Липинського В.;;
ЛИЧАКІВСЬКИЙ ВІДДІЛ ПОЛІЦІЇ ГУНП У ЛЬВІВСЬКІЙ ОБЛАСТІ;12.08.2015 20:20;Липинського В.;;ЗАЯВНИК
ШЕВЧЕНКІВСЬКИЙ ВІДДІЛ ПОЛІЦІЇ ГУНП У ЛЬВІВСЬКІЙ ОБЛАСТІ;23.01.2015 20:21;Липинського В.;;ЗАЯВНИК
ЛИЧАКІВСЬКИЙ ВІДДІЛ ПОЛІЦІЇ ГУНП У ЛЬВІВСЬКІЙ ОБЛАСТІ;05.08.2015 14:00;Лисенка М.;;ЗАЯВНИК
ЛИЧАКІВСЬКИЙ ВІДДІЛ ПОЛІЦІЇ ГУНП У ЛЬВІВСЬКІЙ ОБЛАСТІ;22.08.2015 14:56;Лисенка М.;21;ЗАЯВНИК
ЛИЧАКІВСЬКИЙ ВІДДІЛ ПОЛІЦІЇ ГУНП У ЛЬВІВСЬКІЙ ОБЛАСТІ;20.08.2015 11:23;Лисенка М.;21;ЗАЯВНИК
ЛИЧАКІВСЬКИЙ ВІДДІЛ ПОЛІЦІЇ ГУНП У ЛЬВІВСЬКІЙ ОБЛАСТІ;21.10.2015 18:00;Личаківська;161;ЗАЯВНИК
ЛИЧАКІВСЬКИЙ ВІДДІЛ ПОЛІЦІЇ ГУНП У ЛЬВІВСЬКІЙ ОБЛАСТІ;24.08.2015 22:10;Личаківська;;ЗАЯВНИК
ЛИЧАКІВСЬКИЙ ВІДДІЛ ПОЛІЦІЇ ГУНП У ЛЬВІВСЬКІЙ ОБЛАСТІ;23.08.2015 18:30;Личаківська;112;ЗАЯВНИК
ЛИЧАКІВСЬКИЙ ВІДДІЛ ПОЛІЦІЇ ГУНП У ЛЬВІВСЬКІЙ ОБЛАСТІ;19.08.2015 5:00;Личаківська;;ОСОБА, НА ЯКУ ВКАЗАВ СВІДОК АБО ІНШІ ОБСТАВИНИ
ЛИЧАКІВСЬКИЙ ВІДДІЛ ПОЛІЦІЇ ГУНП У ЛЬВІВСЬКІЙ ОБЛАСТІ;06.06.2015 18:50;Личаківська;22;ЗАЯВНИК
ЛИЧАКІВСЬКИЙ ВІДДІЛ ПОЛІЦІЇ ГУНП У ЛЬВІВСЬКІЙ ОБЛАСТІ;01.04.2015 21:00;Личаківська;161;ОСОБА, НА ЯКУ ВКАЗАВ СВІДОК АБО ІНШІ ОБСТАВИНИ
ЛИЧАКІВСЬКИЙ ВІДДІЛ ПОЛІЦІЇ ГУНП У ЛЬВІВСЬКІЙ ОБЛАСТІ;31.03.2015 17:00;Личаківська;14;ЗАЯВНИК
ЛИЧАКІВСЬКИЙ ВІДДІЛ ПОЛІЦІЇ ГУНП У ЛЬВІВСЬКІЙ ОБЛАСТІ;25.03.2015 15:00;Личаківська;;ЗАЯВНИК
ЛИЧАКІВСЬКИЙ ВІДДІЛ ПОЛІЦІЇ ГУНП У ЛЬВІВСЬКІЙ ОБЛАСТІ;19.08.2015 9:30;Личаківська - Винниченка;;ОСОБА, НА ЯКУ ВКАЗАВ СВІДОК АБО ІНШІ ОБСТАВИНИ
ШЕВЧЕНКІВСЬКИЙ ВІДДІЛ ПОЛІЦІЇ ГУНП У ЛЬВІВСЬКІЙ ОБЛАСТІ;12.06.2015 0:54;Лінкольна А.;1;ЗАЯВНИК
СИХІВСЬКИЙ ВІДДІЛ ПОЛІЦІЇ ГУНП У ЛЬВІВСЬКІЙ ОБЛАСТІ;23.05.2015 2:24;Луганська;;ЗАЯВНИК
ШЕВЧЕНКІВСЬКИЙ ВІДДІЛ ПОЛІЦІЇ ГУНП У ЛЬВІВСЬКІЙ ОБЛАСТІ;25.10.2015 18:00;Лінкольна А.;1;ЗАЯВНИК
ШЕВЧЕНКІВСЬКИЙ ВІДДІЛ ПОЛІЦІЇ ГУНП У ЛЬВІВСЬКІЙ ОБЛАСТІ;18.07.2015 13:50;Лінкольна А.;45;ОСОБА, НА ЯКУ ВКАЗАВ СВІДОК АБО ІНШІ ОБСТАВИНИ
ЛИЧАКІВСЬКИЙ ВІДДІЛ ПОЛІЦІЇ ГУНП У ЛЬВІВСЬКІЙ ОБЛАСТІ;07.08.2015 19:00;Лісна;8;ЗАЯВНИК
ЗАЛІЗНИЧНИЙ ВІДДІЛ ПОЛІЦІЇ ГУНП У ЛЬВІВСЬКІЙ ОБЛАСТІ;06.10.2015 14:24;Любінська;;ЗАЯВНИК
ЗАЛІЗНИЧНИЙ ВІДДІЛ ПОЛІЦІЇ ГУНП У ЛЬВІВСЬКІЙ ОБЛАСТІ;18.10.2015 0:00;Любінська;102;ЗАЯВНИК
ЗАЛІЗНИЧНИЙ ВІДДІЛ ПОЛІЦІЇ ГУНП У ЛЬВІВСЬКІЙ ОБЛАСТІ;17.10.2015 12:15;Любінська;93;ЗАЯВНИК
ЗАЛІЗНИЧНИЙ ВІДДІЛ ПОЛІЦІЇ ГУНП У ЛЬВІВСЬКІЙ ОБЛАСТІ;25.08.2015 12:15;Любінська;152;ЗАЯВНИК
ЗАЛІЗНИЧНИЙ ВІДДІЛ ПОЛІЦІЇ ГУНП У ЛЬВІВСЬКІЙ ОБЛАСТІ;23.08.2015 15:20;Любінська;99А;ЗАЯВНИК
ЗАЛІЗНИЧНИЙ ВІДДІЛ ПОЛІЦІЇ ГУНП У ЛЬВІВСЬКІЙ ОБЛАСТІ;24.07.2015 15:38;Любінська;91;ЗАЯВНИК
ЗАЛІЗНИЧНИЙ ВІДДІЛ ПОЛІЦІЇ ГУНП У ЛЬВІВСЬКІЙ ОБЛАСТІ;04.07.2015 9:08;Любінська;97Б;ОСОБА, НА ЯКУ ВКАЗАВ СВІДОК АБО ІНШІ ОБСТАВИНИ
ЗАЛІЗНИЧНИЙ ВІДДІЛ ПОЛІЦІЇ ГУНП У ЛЬВІВСЬКІЙ ОБЛАСТІ;29.06.2015 0:11;Любінська;152;ЗАЯВНИК
ЗАЛІЗНИЧНИЙ ВІДДІЛ ПОЛІЦІЇ ГУНП У ЛЬВІВСЬКІЙ ОБЛАСТІ;21.05.2015 14:08;Любінська;104;ЗАЯВНИК
ЗАЛІЗНИЧНИЙ ВІДДІЛ ПОЛІЦІЇ ГУНП У ЛЬВІВСЬКІЙ ОБЛАСТІ;18.05.2015 19:07;Любінська;97;ЗАЯВНИК
ЗАЛІЗНИЧНИЙ ВІДДІЛ ПОЛІЦІЇ ГУНП У ЛЬВІВСЬКІЙ ОБЛАСТІ;20.01.2015 7:16;Любінська;150;ЗАЯВНИК
ЗАЛІЗНИЧНИЙ ВІДДІЛ ПОЛІЦІЇ ГУНП У ЛЬВІВСЬКІЙ ОБЛАСТІ;08.07.2015 11:30;Любінська;;ЗАЯВНИК
ЗАЛІЗНИЧНИЙ ВІДДІЛ ПОЛІЦІЇ ГУНП У ЛЬВІВСЬКІЙ ОБЛАСТІ;25.06.2015 6:40;Любінська;101;ЗАЯВНИК
ШЕВЧЕНКІВСЬКИЙ ВІДДІЛ ПОЛІЦІЇ ГУНП У ЛЬВІВСЬКІЙ ОБЛАСТІ;25.12.2014 17:00;Львівська (Брюховичі);;ЗАЯВНИК
ЛИЧАКІВСЬКИЙ ВІДДІЛ ПОЛІЦІЇ ГУНП У ЛЬВІВСЬКІЙ ОБЛАСТІ;17.09.2015 22:25;Медової Печери;39А;ЗАЯВНИК
ШЕВЧЕНКІВСЬКИЙ ВІДДІЛ ПОЛІЦІЇ ГУНП У ЛЬВІВСЬКІЙ ОБЛАСТІ;11.09.2015 0:01;Мазепи І.,гетьмана;40;ЗАЯВНИК
ШЕВЧЕНКІВСЬКИЙ ВІДДІЛ ПОЛІЦІЇ ГУНП У ЛЬВІВСЬКІЙ ОБЛАСТІ;10.09.2015 22:50;Мазепи І.,гетьмана;25А;ЗАЯВНИК
ШЕВЧЕНКІВСЬКИЙ ВІДДІЛ ПОЛІЦІЇ ГУНП У ЛЬВІВСЬКІЙ ОБЛАСТІ;30.08.2015 11:35;Мазепи І.,гетьмана;3А;ЗАЯВНИК
ШЕВЧЕНКІВСЬКИЙ ВІДДІЛ ПОЛІЦІЇ ГУНП У ЛЬВІВСЬКІЙ ОБЛАСТІ;21.08.2015 16:17;Мазепи І.,гетьмана;19;ЗАЯВНИК
ШЕВЧЕНКІВСЬКИЙ ВІДДІЛ ПОЛІЦІЇ ГУНП У ЛЬВІВСЬКІЙ ОБЛАСТІ;06.08.2015 10:21;Мазепи І.,гетьмана;26;ЗАЯВНИК
ШЕВЧЕНКІВСЬКИЙ ВІДДІЛ ПОЛІЦІЇ ГУНП У ЛЬВІВСЬКІЙ ОБЛАСТІ;28.07.2015 16:00;Мазепи І.,гетьмана;23;ЗАЯВНИК
ШЕВЧЕНКІВСЬКИЙ ВІДДІЛ ПОЛІЦІЇ ГУНП У ЛЬВІВСЬКІЙ ОБЛАСТІ;01.07.2015 14:34;Мазепи І.,гетьмана;18;ЗАЯВНИК
ШЕВЧЕНКІВСЬКИЙ ВІДДІЛ ПОЛІЦІЇ ГУНП У ЛЬВІВСЬКІЙ ОБЛАСТІ;16.05.2015 17:33;Мазепи І.,гетьмана;7А;ЗАЯВНИК
ШЕВЧЕНКІВСЬКИЙ ВІДДІЛ ПОЛІЦІЇ ГУНП У ЛЬВІВСЬКІЙ ОБЛАСТІ;11.05.2015 22:46;Мазепи І.,гетьмана;7;ЗАЯВНИК
ЛИЧАКІВСЬКИЙ ВІДДІЛ ПОЛІЦІЇ ГУНП У ЛЬВІВСЬКІЙ ОБЛАСТІ;09.05.2015 15:00;Мала;;ЗАЯВНИК
ЗАЛІЗНИЧНИЙ ВІДДІЛ ПОЛІЦІЇ ГУНП У ЛЬВІВСЬКІЙ ОБЛАСТІ;30.07.2015 20:15;Вовчка Марка;34;ЗАЯВНИК
ШЕВЧЕНКІВСЬКИЙ ВІДДІЛ ПОЛІЦІЇ ГУНП У ЛЬВІВСЬКІЙ ОБЛАСТІ;10.11.2015 23:15;Масарика Т.;12;ЗАЯВНИК
ШЕВЧЕНКІВСЬКИЙ ВІДДІЛ ПОЛІЦІЇ ГУНП У ЛЬВІВСЬКІЙ ОБЛАСТІ;29.08.2015 10:15;Масарика Т.;3;ЗАЯВНИК
ГАЛИЦЬКИЙ ВІДДІЛ ПОЛІЦІЇ ГУНП У ЛЬВІВСЬКІЙ ОБЛАСТІ;18.10.2015 23:55;Медова;7;ЗАЯВНИК
ГАЛИЦЬКИЙ ВІДДІЛ ПОЛІЦІЇ ГУНП У ЛЬВІВСЬКІЙ ОБЛАСТІ;07.10.2015 21:46;Медова;5;ЗАЯВНИК
ГАЛИЦЬКИЙ ВІДДІЛ ПОЛІЦІЇ ГУНП У ЛЬВІВСЬКІЙ ОБЛАСТІ;27.09.2015 0:50;Медова;4;ЗАЯВНИК
ЛИЧАКІВСЬКИЙ ВІДДІЛ ПОЛІЦІЇ ГУНП У ЛЬВІВСЬКІЙ ОБЛАСТІ;12.01.2015 20:30;Медової Печери;36;ЗАЯВНИК
ЛИЧАКІВСЬКИЙ ВІДДІЛ ПОЛІЦІЇ ГУНП У ЛЬВІВСЬКІЙ ОБЛАСТІ;05.06.2015 15:00;Медової Печери;27;ЗАЯВНИК
ФРАНКІВСЬКИЙ ВІДДІЛ ПОЛІЦІЇ ГУНП У ЛЬВІВСЬКІЙ ОБЛАСТІ;08.12.2015 10:00;Мельника А.;18;ЗАЯВНИК
ФРАНКІВСЬКИЙ ВІДДІЛ ПОЛІЦІЇ ГУНП У ЛЬВІВСЬКІЙ ОБЛАСТІ;23.08.2015 23:15;Мельника А.;;УЧАСНИК ПОДІІ
ШЕВЧЕНКІВСЬКИЙ ВІДДІЛ ПОЛІЦІЇ ГУНП У ЛЬВІВСЬКІЙ ОБЛАСТІ;14.05.2015 16:32;Мельничука С.;;ЗАЯВНИК
ЛИЧАКІВСЬКИЙ ВІДДІЛ ПОЛІЦІЇ ГУНП У ЛЬВІВСЬКІЙ ОБЛАСТІ;27.07.2015 12:25;Мечнікова І.;33;ЗАЯВНИК
ШЕВЧЕНКІВСЬКИЙ ВІДДІЛ ПОЛІЦІЇ ГУНП У ЛЬВІВСЬКІЙ ОБЛАСТІ;28.03.2015 17:00;Миколайчука І.;;ЗАЯВНИК
ШЕВЧЕНКІВСЬКИЙ ВІДДІЛ ПОЛІЦІЇ ГУНП У ЛЬВІВСЬКІЙ ОБЛАСТІ;15.03.2015 22:30;Миколайчука І.;7В;ЗАЯВНИК
ШЕВЧЕНКІВСЬКИЙ ВІДДІЛ ПОЛІЦІЇ ГУНП У ЛЬВІВСЬКІЙ ОБЛАСТІ;07.06.2015 3:31;Миколайчука І.;11;ЗАЯВНИК
ШЕВЧЕНКІВСЬКИЙ ВІДДІЛ ПОЛІЦІЇ ГУНП У ЛЬВІВСЬКІЙ ОБЛАСТІ;06.06.2015 13:19;Миколайчука І.;9;ЗАЯВНИК
ШЕВЧЕНКІВСЬКИЙ ВІДДІЛ ПОЛІЦІЇ ГУНП У ЛЬВІВСЬКІЙ ОБЛАСТІ;21.03.2015 6:53;Миколайчука І.;9;ПОСТРАЖДАЛИЙ (ПОТЕРПІЛИЙ)
СИХІВСЬКИЙ ВІДДІЛ ПОЛІЦІЇ ГУНП У ЛЬВІВСЬКІЙ ОБЛАСТІ;17.04.2015 2:05;Мирного П.;26;УЧАСНИК ПОДІІ
ГАЛИЦЬКИЙ ВІДДІЛ ПОЛІЦІЇ ГУНП У ЛЬВІВСЬКІЙ ОБЛАСТІ;08.03.2015 23:00;Митрополита Андрея;6;ЗАЯВНИК
ЗАЛІЗНИЧНИЙ ВІДДІЛ ПОЛІЦІЇ ГУНП У ЛЬВІВСЬКІЙ ОБЛАСТІ;02.09.2015 15:45;Братів Міхновських;41;ЗАЯВНИК
ГАЛИЦЬКИЙ ВІДДІЛ ПОЛІЦІЇ ГУНП У ЛЬВІВСЬКІЙ ОБЛАСТІ;25.06.2015 10:21;Міцкевича А.,пл.;1;ЗАЯВНИК
ФРАНКІВСЬКИЙ ВІДДІЛ ПОЛІЦІЇ ГУНП У ЛЬВІВСЬКІЙ ОБЛАСТІ;27.08.2015 14:10;Молдавська;13;ЗАЯВНИК
ЗАЛІЗНИЧНИЙ ВІДДІЛ ПОЛІЦІЇ ГУНП У ЛЬВІВСЬКІЙ ОБЛАСТІ;05.11.2015 18:25;Морозенка Н.;;ЗАЯВНИК
СИХІВСЬКИЙ ВІДДІЛ ПОЛІЦІЇ ГУНП У ЛЬВІВСЬКІЙ ОБЛАСТІ;28.03.2015 13:05;Морозна;;ОСОБА, НА ЯКУ ВКАЗАВ СВІДОК АБО ІНШІ ОБСТАВИНИ
ГАЛИЦЬКИЙ ВІДДІЛ ПОЛІЦІЇ ГУНП У ЛЬВІВСЬКІЙ ОБЛАСТІ;21.04.2015 14:06;Мулярська;2;ЗАЯВНИК
ЛИЧАКІВСЬКИЙ ВІДДІЛ ПОЛІЦІЇ ГУНП У ЛЬВІВСЬКІЙ ОБЛАСТІ;01.12.2015 2:00;Мучна;;ЗАЯВНИК
ГАЛИЦЬКИЙ ВІДДІЛ ПОЛІЦІЇ ГУНП У ЛЬВІВСЬКІЙ ОБЛАСТІ;24.01.2015 20:39;Мушака Ю.;50;ЗАЯВНИК
СИХІВСЬКИЙ ВІДДІЛ ПОЛІЦІЇ ГУНП У ЛЬВІВСЬКІЙ ОБЛАСТІ;01.04.2015 22:05;Навроцького В.;;ЗАЯВНИК
ФРАНКІВСЬКИЙ ВІДДІЛ ПОЛІЦІЇ ГУНП У ЛЬВІВСЬКІЙ ОБЛАСТІ;19.06.2015 20:10;Народна;;ОСОБА, НА ЯКУ ВКАЗАВ СВІДОК АБО ІНШІ ОБСТАВИНИ
ФРАНКІВСЬКИЙ ВІДДІЛ ПОЛІЦІЇ ГУНП У ЛЬВІВСЬКІЙ ОБЛАСТІ;19.06.2015 19:30;Народна - Сулими І.;;ОСОБА, НА ЯКУ ВКАЗАВ СВІДОК АБО ІНШІ ОБСТАВИНИ
ФРАНКІВСЬКИЙ ВІДДІЛ ПОЛІЦІЇ ГУНП У ЛЬВІВСЬКІЙ ОБЛАСТІ;10.12.2015 7:30;Наукова;24;ЗАЯВНИК
ФРАНКІВСЬКИЙ ВІДДІЛ ПОЛІЦІЇ ГУНП У ЛЬВІВСЬКІЙ ОБЛАСТІ;10.10.2015 16:00;Наукова;9;ЗАЯВНИК
ФРАНКІВСЬКИЙ ВІДДІЛ ПОЛІЦІЇ ГУНП У ЛЬВІВСЬКІЙ ОБЛАСТІ;07.09.2015 18:55;Наукова;;ЗАЯВНИК
ФРАНКІВСЬКИЙ ВІДДІЛ ПОЛІЦІЇ ГУНП У ЛЬВІВСЬКІЙ ОБЛАСТІ;19.08.2015 17:20;Наукова;34;ЗАЯВНИК
ФРАНКІВСЬКИЙ ВІДДІЛ ПОЛІЦІЇ ГУНП У ЛЬВІВСЬКІЙ ОБЛАСТІ;21.07.2015 16:44;Наукова;08.Гру;ЗАЯВНИК
ФРАНКІВСЬКИЙ ВІДДІЛ ПОЛІЦІЇ ГУНП У ЛЬВІВСЬКІЙ ОБЛАСТІ;31.05.2015 19:08;Наукова;94;ЗАЯВНИК
ФРАНКІВСЬКИЙ ВІДДІЛ ПОЛІЦІЇ ГУНП У ЛЬВІВСЬКІЙ ОБЛАСТІ;14.03.2015 20:32;Наукова;59;ЗАЯВНИК
ФРАНКІВСЬКИЙ ВІДДІЛ ПОЛІЦІЇ ГУНП У ЛЬВІВСЬКІЙ ОБЛАСТІ;01.01.2015 5:40;Наукова;49;ЗАЯВНИК
ФРАНКІВСЬКИЙ ВІДДІЛ ПОЛІЦІЇ ГУНП У ЛЬВІВСЬКІЙ ОБЛАСТІ;14.03.2014 12:00;Наукова;12;ЗАЯВНИК
ФРАНКІВСЬКИЙ ВІДДІЛ ПОЛІЦІЇ ГУНП У ЛЬВІВСЬКІЙ ОБЛАСТІ;22.04.2015 21:30;Наукова - Стрийська;;ЗАЯВНИК
ЛИЧАКІВСЬКИЙ ВІДДІЛ ПОЛІЦІЇ ГУНП У ЛЬВІВСЬКІЙ ОБЛАСТІ;12.06.2015 20:00;Некрасова М.;62;ЗАТРИМАНИЙ
ЗАЛІЗНИЧНИЙ ВІДДІЛ ПОЛІЦІЇ ГУНП У ЛЬВІВСЬКІЙ ОБЛАСТІ;06.10.2015 10:50;Низинна;2;ЗАЯВНИК
ЛИЧАКІВСЬКИЙ ВІДДІЛ ПОЛІЦІЇ ГУНП У ЛЬВІВСЬКІЙ ОБЛАСТІ;17.08.2015 11:06;Ніщинського П.;27;ЗАЯВНИК
ЛИЧАКІВСЬКИЙ ВІДДІЛ ПОЛІЦІЇ ГУНП У ЛЬВІВСЬКІЙ ОБЛАСТІ;24.09.2015 0:00;Новознесенська;;ЗАЯВНИК
ЛИЧАКІВСЬКИЙ ВІДДІЛ ПОЛІЦІЇ ГУНП У ЛЬВІВСЬКІЙ ОБЛАСТІ;27.05.2015 18:37;Новознесенська;87;ЗАЯВНИК
ГАЛИЦЬКИЙ ВІДДІЛ ПОЛІЦІЇ ГУНП У ЛЬВІВСЬКІЙ ОБЛАСТІ;30.06.2015 14:35;Огієнка І.;3;ЗАЯВНИК
ФРАНКІВСЬКИЙ ВІДДІЛ ПОЛІЦІЇ ГУНП У ЛЬВІВСЬКІЙ ОБЛАСТІ;07.07.2015 19:12;Окружна;38;ЗАЯВНИК
СИХІВСЬКИЙ ВІДДІЛ ПОЛІЦІЇ ГУНП У ЛЬВІВСЬКІЙ ОБЛАСТІ;08.08.2015 17:10;Окружна;31;ЗАЯВНИК
ШЕВЧЕНКІВСЬКИЙ ВІДДІЛ ПОЛІЦІЇ ГУНП У ЛЬВІВСЬКІЙ ОБЛАСТІ;29.12.2015 13:00;Окуневського Т.;3;ЗАЯВНИК
ШЕВЧЕНКІВСЬКИЙ ВІДДІЛ ПОЛІЦІЇ ГУНП У ЛЬВІВСЬКІЙ ОБЛАСТІ;13.06.2015 16:15;Окуневського Т.;3;ЗАЯВНИК
ШЕВЧЕНКІВСЬКИЙ ВІДДІЛ ПОЛІЦІЇ ГУНП У ЛЬВІВСЬКІЙ ОБЛАСТІ;14.08.2015 11:39;Орлика П.;;ЗАЯВНИК
СИХІВСЬКИЙ ВІДДІЛ ПОЛІЦІЇ ГУНП У ЛЬВІВСЬКІЙ ОБЛАСТІ;25.12.2015 19:50;Освицька;;ЗАЯВНИК
СИХІВСЬКИЙ ВІДДІЛ ПОЛІЦІЇ ГУНП У ЛЬВІВСЬКІЙ ОБЛАСТІ;15.05.2015 12:22;Освицька;3;ЗАЯВНИК
ШЕВЧЕНКІВСЬКИЙ ВІДДІЛ ПОЛІЦІЇ ГУНП У ЛЬВІВСЬКІЙ ОБЛАСТІ;17.08.2015 14:30;Остряниці Я.;;ЗАЯВНИК
ШЕВЧЕНКІВСЬКИЙ ВІДДІЛ ПОЛІЦІЇ ГУНП У ЛЬВІВСЬКІЙ ОБЛАСТІ;02.11.2015 18:58;Панча П.;9;ЗАЯВНИК
ШЕВЧЕНКІВСЬКИЙ ВІДДІЛ ПОЛІЦІЇ ГУНП У ЛЬВІВСЬКІЙ ОБЛАСТІ;11.06.2015 0:30;Павлокомська (Рясне);6;ЗАЯВНИК
ШЕВЧЕНКІВСЬКИЙ ВІДДІЛ ПОЛІЦІЇ ГУНП У ЛЬВІВСЬКІЙ ОБЛАСТІ;29.06.2015 18:30;Панча П.;9;ЗАЯВНИК
ШЕВЧЕНКІВСЬКИЙ ВІДДІЛ ПОЛІЦІЇ ГУНП У ЛЬВІВСЬКІЙ ОБЛАСТІ;29.05.2015 19:19;Панча П.;26;ЗАЯВНИК
ШЕВЧЕНКІВСЬКИЙ ВІДДІЛ ПОЛІЦІЇ ГУНП У ЛЬВІВСЬКІЙ ОБЛАСТІ;06.05.2015 21:39;Панча П.;;ЗАЯВНИК
ШЕВЧЕНКІВСЬКИЙ ВІДДІЛ ПОЛІЦІЇ ГУНП У ЛЬВІВСЬКІЙ ОБЛАСТІ;09.04.2015 22:58;Панча П.;18;ЗАЯВНИК
ШЕВЧЕНКІВСЬКИЙ ВІДДІЛ ПОЛІЦІЇ ГУНП У ЛЬВІВСЬКІЙ ОБЛАСТІ;19.12.2015 1:28;Панча П.;;ЗАЯВНИК
ШЕВЧЕНКІВСЬКИЙ ВІДДІЛ ПОЛІЦІЇ ГУНП У ЛЬВІВСЬКІЙ ОБЛАСТІ;22.10.2015 9:10;Панча П.;18А;
ШЕВЧЕНКІВСЬКИЙ ВІДДІЛ ПОЛІЦІЇ ГУНП У ЛЬВІВСЬКІЙ ОБЛАСТІ;08.10.2015 20:20;Панча П.;11;ЗАЯВНИК
ШЕВЧЕНКІВСЬКИЙ ВІДДІЛ ПОЛІЦІЇ ГУНП У ЛЬВІВСЬКІЙ ОБЛАСТІ;29.09.2015 21:05;Панча П.;10;ЗАЯВНИК
ЛИЧАКІВСЬКИЙ ВІДДІЛ ПОЛІЦІЇ ГУНП У ЛЬВІВСЬКІЙ ОБЛАСТІ;07.11.2015 18:30;Панчишина М.;9;ЗАЯВНИК
ЛИЧАКІВСЬКИЙ ВІДДІЛ ПОЛІЦІЇ ГУНП У ЛЬВІВСЬКІЙ ОБЛАСТІ;23.09.2015 22:58;Пасічна;59;ЗАЯВНИК
ЛИЧАКІВСЬКИЙ ВІДДІЛ ПОЛІЦІЇ ГУНП У ЛЬВІВСЬКІЙ ОБЛАСТІ;09.08.2015 14:12;Пасічна;;ЗАЯВНИК
ЛИЧАКІВСЬКИЙ ВІДДІЛ ПОЛІЦІЇ ГУНП У ЛЬВІВСЬКІЙ ОБЛАСТІ;20.07.2015 18:30;Пасічна;51;ЗАЯВНИК
ЛИЧАКІВСЬКИЙ ВІДДІЛ ПОЛІЦІЇ ГУНП У ЛЬВІВСЬКІЙ ОБЛАСТІ;06.07.2015 17:31;Пасічна;;ЗАЯВНИК
ЛИЧАКІВСЬКИЙ ВІДДІЛ ПОЛІЦІЇ ГУНП У ЛЬВІВСЬКІЙ ОБЛАСТІ;04.06.2015 12:30;Пасічна;;ЗАЯВНИК
ЛИЧАКІВСЬКИЙ ВІДДІЛ ПОЛІЦІЇ ГУНП У ЛЬВІВСЬКІЙ ОБЛАСТІ;13.05.2015 14:03;Пасічна;94;ЗАЯВНИК
ЛИЧАКІВСЬКИЙ ВІДДІЛ ПОЛІЦІЇ ГУНП У ЛЬВІВСЬКІЙ ОБЛАСТІ;03.06.2015 17:00;Пасічна;75;ЗАЯВНИК
ЗАЛІЗНИЧНИЙ ВІДДІЛ ПОЛІЦІЇ ГУНП У ЛЬВІВСЬКІЙ ОБЛАСТІ;29.09.2015 22:15;Патона Є.;02.Кві;ЗАЯВНИК
ЗАЛІЗНИЧНИЙ ВІДДІЛ ПОЛІЦІЇ ГУНП У ЛЬВІВСЬКІЙ ОБЛАСТІ;05.08.2015 17:00;Патона Є.;;ЗАЯВНИК
ЗАЛІЗНИЧНИЙ ВІДДІЛ ПОЛІЦІЇ ГУНП У ЛЬВІВСЬКІЙ ОБЛАСТІ;24.04.2015 18:00;Патона Є.;37;ЗАЯВНИК
ЗАЛІЗНИЧНИЙ ВІДДІЛ ПОЛІЦІЇ ГУНП У ЛЬВІВСЬКІЙ ОБЛАСТІ;10.02.2015 0:20;Патона Є.;13;ЗАЯВНИК
ЗАЛІЗНИЧНИЙ ВІДДІЛ ПОЛІЦІЇ ГУНП У ЛЬВІВСЬКІЙ ОБЛАСТІ;21.05.2015 16:29;Патона Є.;25;ЗАЯВНИК
ЛИЧАКІВСЬКИЙ ВІДДІЛ ПОЛІЦІЇ ГУНП У ЛЬВІВСЬКІЙ ОБЛАСТІ;26.07.2015 5:00;Пекарська;37;ЗАЯВНИК
ЛИЧАКІВСЬКИЙ ВІДДІЛ ПОЛІЦІЇ ГУНП У ЛЬВІВСЬКІЙ ОБЛАСТІ;05.05.2015 20:30;Пекарська;33;ЗАЯВНИК
ЛИЧАКІВСЬКИЙ ВІДДІЛ ПОЛІЦІЇ ГУНП У ЛЬВІВСЬКІЙ ОБЛАСТІ;23.03.2015 21:00;Пекарська;46;ЗАЯВНИК
ЗАЛІЗНИЧНИЙ ВІДДІЛ ПОЛІЦІЇ ГУНП У ЛЬВІВСЬКІЙ ОБЛАСТІ;08.08.2015 9:25;Петлюри С.;17;ЗАЯВНИК
ЗАЛІЗНИЧНИЙ ВІДДІЛ ПОЛІЦІЇ ГУНП У ЛЬВІВСЬКІЙ ОБЛАСТІ;30.07.2015 17:00;Петлюри С.;34А;ЗАЯВНИК
ЗАЛІЗНИЧНИЙ ВІДДІЛ ПОЛІЦІЇ ГУНП У ЛЬВІВСЬКІЙ ОБЛАСТІ;02.06.2015 14:51;Петлюри С.;26;ЗАЯВНИК
ЛИЧАКІВСЬКИЙ ВІДДІЛ ПОЛІЦІЇ ГУНП У ЛЬВІВСЬКІЙ ОБЛАСТІ;13.04.2015 5:30;Петрушевича Є.;;ЗАЯВНИК
ШЕВЧЕНКІВСЬКИЙ ВІДДІЛ ПОЛІЦІЇ ГУНП У ЛЬВІВСЬКІЙ ОБЛАСТІ;19.05.2015 16:30;Під Голоском;;ЗАЯВНИК
ШЕВЧЕНКІВСЬКИЙ ВІДДІЛ ПОЛІЦІЇ ГУНП У ЛЬВІВСЬКІЙ ОБЛАСТІ;18.11.2015 5:20;Підвальна, пл.;3;ЗАЯВНИК
ГАЛИЦЬКИЙ ВІДДІЛ ПОЛІЦІЇ ГУНП У ЛЬВІВСЬКІЙ ОБЛАСТІ;16.10.2015 5:00;Підвальна, пл.;;ЗАЯВНИК
ГАЛИЦЬКИЙ ВІДДІЛ ПОЛІЦІЇ ГУНП У ЛЬВІВСЬКІЙ ОБЛАСТІ;23.10.2015 6:00;Підкови І.,пл.;1;ЗАЯВНИК
ГАЛИЦЬКИЙ ВІДДІЛ ПОЛІЦІЇ ГУНП У ЛЬВІВСЬКІЙ ОБЛАСТІ;08.05.2015 1:00;Підкови І.,пл.;3;ЗАЯВНИК
ШЕВЧЕНКІВСЬКИЙ ВІДДІЛ ПОЛІЦІЇ ГУНП У ЛЬВІВСЬКІЙ ОБЛАСТІ;08.07.2015 19:47;Під Голоском;23;ЗАЯВНИК
ГАЛИЦЬКИЙ ВІДДІЛ ПОЛІЦІЇ ГУНП У ЛЬВІВСЬКІЙ ОБЛАСТІ;11.06.2015 21:29;Підвальна, пл.;;ОСОБА, НА ЯКУ ВКАЗАВ СВІДОК АБО ІНШІ ОБСТАВИНИ
ГАЛИЦЬКИЙ ВІДДІЛ ПОЛІЦІЇ ГУНП У ЛЬВІВСЬКІЙ ОБЛАСТІ;17.06.2015 14:55;Підмурна;5;ЗАЯВНИК
ШЕВЧЕНКІВСЬКИЙ ВІДДІЛ ПОЛІЦІЇ ГУНП У ЛЬВІВСЬКІЙ ОБЛАСТІ;06.11.2015 23:55;Плугова;4А;ЗАЯВНИК
ШЕВЧЕНКІВСЬКИЙ ВІДДІЛ ПОЛІЦІЇ ГУНП У ЛЬВІВСЬКІЙ ОБЛАСТІ;10.10.2015 23:00;Плугова;2;ЗАЯВНИК
ШЕВЧЕНКІВСЬКИЙ ВІДДІЛ ПОЛІЦІЇ ГУНП У ЛЬВІВСЬКІЙ ОБЛАСТІ;09.06.2015 23:57;Плугова;14;ЗАЯВНИК
ШЕВЧЕНКІВСЬКИЙ ВІДДІЛ ПОЛІЦІЇ ГУНП У ЛЬВІВСЬКІЙ ОБЛАСТІ;08.12.2015 22:10;Плужника Є.;5;ЗАЯВНИК
ЗАЛІЗНИЧНИЙ ВІДДІЛ ПОЛІЦІЇ ГУНП У ЛЬВІВСЬКІЙ ОБЛАСТІ;16.06.2015 13:49;Повітряна;92;ЗАЯВНИК
ЛИЧАКІВСЬКИЙ ВІДДІЛ ПОЛІЦІЇ ГУНП У ЛЬВІВСЬКІЙ ОБЛАСТІ;01.08.2015 13:49;Погулянка;;ЗАЯВНИК
ЛИЧАКІВСЬКИЙ ВІДДІЛ ПОЛІЦІЇ ГУНП У ЛЬВІВСЬКІЙ ОБЛАСТІ;02.02.2015 15:00;Погулянка;;ЗАЯВНИК
ФРАНКІВСЬКИЙ ВІДДІЛ ПОЛІЦІЇ ГУНП У ЛЬВІВСЬКІЙ ОБЛАСТІ;13.11.2015 10:20;Поліщука В.;78;ЗАЯВНИК
ЛИЧАКІВСЬКИЙ ВІДДІЛ ПОЛІЦІЇ ГУНП У ЛЬВІВСЬКІЙ ОБЛАСТІ;18.01.2015 12:47;Поліська;2;ОСОБА, НА ЯКУ ВКАЗАВ СВІДОК АБО ІНШІ ОБСТАВИНИ
СИХІВСЬКИЙ ВІДДІЛ ПОЛІЦІЇ ГУНП У ЛЬВІВСЬКІЙ ОБЛАСТІ;27.05.2015 19:20;Полуботка П.,гетьмана;13;ЗАЯВНИК
СИХІВСЬКИЙ ВІДДІЛ ПОЛІЦІЇ ГУНП У ЛЬВІВСЬКІЙ ОБЛАСТІ;08.01.2015 19:20;Полуботка П.,гетьмана;3;ЗАЯВНИК
ЛИЧАКІВСЬКИЙ ВІДДІЛ ПОЛІЦІЇ ГУНП У ЛЬВІВСЬКІЙ ОБЛАСТІ;10.09.2015 21:25;Польова;29;ОСОБА, НА ЯКУ ВКАЗАВ СВІДОК АБО ІНШІ ОБСТАВИНИ
ЛИЧАКІВСЬКИЙ ВІДДІЛ ПОЛІЦІЇ ГУНП У ЛЬВІВСЬКІЙ ОБЛАСТІ;10.09.2015 21:00;Польова;29А;ОСОБА, НА ЯКУ ВКАЗАВ СВІДОК АБО ІНШІ ОБСТАВИНИ
ШЕВЧЕНКІВСЬКИЙ ВІДДІЛ ПОЛІЦІЇ ГУНП У ЛЬВІВСЬКІЙ ОБЛАСТІ;08.07.2015 16:00;Порічкова;;ЗАЯВНИК
ШЕВЧЕНКІВСЬКИЙ ВІДДІЛ ПОЛІЦІЇ ГУНП У ЛЬВІВСЬКІЙ ОБЛАСТІ;13.04.2015 22:00;Промислова;29;ЗАЯВНИК
ШЕВЧЕНКІВСЬКИЙ ВІДДІЛ ПОЛІЦІЇ ГУНП У ЛЬВІВСЬКІЙ ОБЛАСТІ;12.10.2015 19:05;Пстрака Я.;;ЗАЯВНИК
ФРАНКІВСЬКИЙ ВІДДІЛ ПОЛІЦІЇ ГУНП У ЛЬВІВСЬКІЙ ОБЛАСТІ;26.06.2015 23:45;Пулюя І.;12;ЗАЯВНИК
ФРАНКІВСЬКИЙ ВІДДІЛ ПОЛІЦІЇ ГУНП У ЛЬВІВСЬКІЙ ОБЛАСТІ;16.04.2015 5:08;Пулюя І.;34А;ЗАЯВНИК
ЗАЛІЗНИЧНИЙ ВІДДІЛ ПОЛІЦІЇ ГУНП У ЛЬВІВСЬКІЙ ОБЛАСТІ;17.06.2015 9:27;Пустомитівська;3;ЗАЯВНИК
ШЕВЧЕНКІВСЬКИЙ ВІДДІЛ ПОЛІЦІЇ ГУНП У ЛЬВІВСЬКІЙ ОБЛАСТІ;19.05.2015 16:00;Під Голоском;;ЗАЯВНИК
ЗАЛІЗНИЧНИЙ ВІДДІЛ ПОЛІЦІЇ ГУНП У ЛЬВІВСЬКІЙ ОБЛАСТІ;28.01.2015 21:07;П'ясецького А.;;ЗАЯВНИК
ШЕВЧЕНКІВСЬКИЙ ВІДДІЛ ПОЛІЦІЇ ГУНП У ЛЬВІВСЬКІЙ ОБЛАСТІ;05.09.2015 22:00;Рапопрта О.;;ЗАЯВНИК
ШЕВЧЕНКІВСЬКИЙ ВІДДІЛ ПОЛІЦІЇ ГУНП У ЛЬВІВСЬКІЙ ОБЛАСТІ;22.09.2015 20:00;Рапопрта О.;1;
ШЕВЧЕНКІВСЬКИЙ ВІДДІЛ ПОЛІЦІЇ ГУНП У ЛЬВІВСЬКІЙ ОБЛАСТІ;05.07.2015 9:15;Рапопрта О.;3;ПОСТРАЖДАЛИЙ (ПОТЕРПІЛИЙ)
ШЕВЧЕНКІВСЬКИЙ ВІДДІЛ ПОЛІЦІЇ ГУНП У ЛЬВІВСЬКІЙ ОБЛАСТІ;04.07.2015 9:30;Рапопрта О.;;ОСОБА, НА ЯКУ ВКАЗАВ СВІДОК АБО ІНШІ ОБСТАВИНИ
ФРАНКІВСЬКИЙ ВІДДІЛ ПОЛІЦІЇ ГУНП У ЛЬВІВСЬКІЙ ОБЛАСТІ;09.01.2015 3:24;Ревуцького Л.;21;ОСОБА, НА ЯКУ ВКАЗАВ СВІДОК АБО ІНШІ ОБСТАВИНИ
ГАЛИЦЬКИЙ ВІДДІЛ ПОЛІЦІЇ ГУНП У ЛЬВІВСЬКІЙ ОБЛАСТІ;05.09.2015 6:10;Різні,пл.;;ЗАЯВНИК
ГАЛИЦЬКИЙ ВІДДІЛ ПОЛІЦІЇ ГУНП У ЛЬВІВСЬКІЙ ОБЛАСТІ;05.09.2015 4:31;Ринок,пл.;;ЗАЯВНИК
ГАЛИЦЬКИЙ ВІДДІЛ ПОЛІЦІЇ ГУНП У ЛЬВІВСЬКІЙ ОБЛАСТІ;20.08.2015 1:26;Ринок,пл.;31;ЗАЯВНИК
ЛИЧАКІВСЬКИЙ ВІДДІЛ ПОЛІЦІЇ ГУНП У ЛЬВІВСЬКІЙ ОБЛАСТІ;13.08.2015 17:23;Ринок,пл.;;ЗАЯВНИК
ГАЛИЦЬКИЙ ВІДДІЛ ПОЛІЦІЇ ГУНП У ЛЬВІВСЬКІЙ ОБЛАСТІ;04.05.2015 3:40;Ринок,пл.;21;ЗАЯВНИК
ГАЛИЦЬКИЙ ВІДДІЛ ПОЛІЦІЇ ГУНП У ЛЬВІВСЬКІЙ ОБЛАСТІ;13.04.2015 15:10;Ринок,пл.;1;ОСОБА, НА ЯКУ ВКАЗАВ СВІДОК АБО ІНШІ ОБСТАВИНИ
ГАЛИЦЬКИЙ ВІДДІЛ ПОЛІЦІЇ ГУНП У ЛЬВІВСЬКІЙ ОБЛАСТІ;30.01.2015 2:00;Ринок,пл.;;ЗАЯВНИК
ГАЛИЦЬКИЙ ВІДДІЛ ПОЛІЦІЇ ГУНП У ЛЬВІВСЬКІЙ ОБЛАСТІ;16.01.2015 2:02;Ринок,пл.;37;ЗАЯВНИК
ГАЛИЦЬКИЙ ВІДДІЛ ПОЛІЦІЇ ГУНП У ЛЬВІВСЬКІЙ ОБЛАСТІ;10.03.2015 22:56;Різні,пл.;6;ЗАЯВНИК
ЗАЛІЗНИЧНИЙ ВІДДІЛ ПОЛІЦІЇ ГУНП У ЛЬВІВСЬКІЙ ОБЛАСТІ;18.05.2015 16:05;Роксоляни;33;ЗАЯВНИК
ФРАНКІВСЬКИЙ ВІДДІЛ ПОЛІЦІЇ ГУНП У ЛЬВІВСЬКІЙ ОБЛАСТІ;09.11.2015 1:50;Рубчака І.;;ЗАЯВНИК
СИХІВСЬКИЙ ВІДДІЛ ПОЛІЦІЇ ГУНП У ЛЬВІВСЬКІЙ ОБЛАСТІ;21.05.2015 1:30;Рубчака І.;;ЗАЯВНИК
ФРАНКІВСЬКИЙ ВІДДІЛ ПОЛІЦІЇ ГУНП У ЛЬВІВСЬКІЙ ОБЛАСТІ;19.05.2015 16:15;Рубчака І.;10;ЗАЯВНИК
ГАЛИЦЬКИЙ ВІДДІЛ ПОЛІЦІЇ ГУНП У ЛЬВІВСЬКІЙ ОБЛАСТІ;04.07.2015 19:25;Руданського С.;;ЗАЯВНИК
ФРАНКІВСЬКИЙ ВІДДІЛ ПОЛІЦІЇ ГУНП У ЛЬВІВСЬКІЙ ОБЛАСТІ;08.08.2015 16:03;Рудницького С.,акад.;28;ЗАЯВНИК
ЛИЧАКІВСЬКИЙ ВІДДІЛ ПОЛІЦІЇ ГУНП У ЛЬВІВСЬКІЙ ОБЛАСТІ;06.02.2015 20:00;Руставелі Ш.;;ЗАЯВНИК
ЗАЛІЗНИЧНИЙ ВІДДІЛ ПОЛІЦІЇ ГУНП У ЛЬВІВСЬКІЙ ОБЛАСТІ;30.10.2015 23:30;Ряшівська;;ЗАЯВНИК
ЗАЛІЗНИЧНИЙ ВІДДІЛ ПОЛІЦІЇ ГУНП У ЛЬВІВСЬКІЙ ОБЛАСТІ;01.06.2015 17:20;Ряшівська;;ЗАЯВНИК
ЗАЛІЗНИЧНИЙ ВІДДІЛ ПОЛІЦІЇ ГУНП У ЛЬВІВСЬКІЙ ОБЛАСТІ;19.06.2015 20:22;Ряшівська;15;ЗАЯВНИК
ЗАЛІЗНИЧНИЙ ВІДДІЛ ПОЛІЦІЇ ГУНП У ЛЬВІВСЬКІЙ ОБЛАСТІ;09.07.2015 12:15;Петлюри С.;36;ЗАЯВНИК
ГАЛИЦЬКИЙ ВІДДІЛ ПОЛІЦІЇ ГУНП У ЛЬВІВСЬКІЙ ОБЛАСТІ;20.11.2015 18:21;Святого Теодора пл.;6;ЗАЯВНИК
ГАЛИЦЬКИЙ ВІДДІЛ ПОЛІЦІЇ ГУНП У ЛЬВІВСЬКІЙ ОБЛАСТІ;11.07.2015 16:30;Святого Теодора пл.;;ЗАТРИМАНИЙ
ЛИЧАКІВСЬКИЙ ВІДДІЛ ПОЛІЦІЇ ГУНП У ЛЬВІВСЬКІЙ ОБЛАСТІ;23.06.2015 17:29;Сагайдачного П.;;УЧАСНИК ПОДІІ
ЗАЛІЗНИЧНИЙ ВІДДІЛ ПОЛІЦІЇ ГУНП У ЛЬВІВСЬКІЙ ОБЛАСТІ;19.07.2015 15:15;Садова;22;ЗАЯВНИК
ЗАЛІЗНИЧНИЙ ВІДДІЛ ПОЛІЦІЇ ГУНП У ЛЬВІВСЬКІЙ ОБЛАСТІ;18.07.2015 19:25;Садова;9;ЗАЯВНИК
ГАЛИЦЬКИЙ ВІДДІЛ ПОЛІЦІЇ ГУНП У ЛЬВІВСЬКІЙ ОБЛАСТІ;07.11.2015 4:30;Самчука У. - Франка І.;;ЗАЯВНИК
ФРАНКІВСЬКИЙ ВІДДІЛ ПОЛІЦІЇ ГУНП У ЛЬВІВСЬКІЙ ОБЛАСТІ;16.11.2015 6:50;Сахарова А.,акад.;27;ЗАЯВНИК
ФРАНКІВСЬКИЙ ВІДДІЛ ПОЛІЦІЇ ГУНП У ЛЬВІВСЬКІЙ ОБЛАСТІ;25.03.2015 18:00;Сахарова А.,акад.;19;ЗАЯВНИК
ГАЛИЦЬКИЙ ВІДДІЛ ПОЛІЦІЇ ГУНП У ЛЬВІВСЬКІЙ ОБЛАСТІ;17.09.2015 21:30;Свєнціцького І.;5;ЗАЯВНИК
ГАЛИЦЬКИЙ ВІДДІЛ ПОЛІЦІЇ ГУНП У ЛЬВІВСЬКІЙ ОБЛАСТІ;25.09.2015 4:22;Свободи,просп.;39;ЗАЯВНИК
ГАЛИЦЬКИЙ ВІДДІЛ ПОЛІЦІЇ ГУНП У ЛЬВІВСЬКІЙ ОБЛАСТІ;28.12.2015 23:25;Свободи,просп.;12;ЗАЯВНИК
ШЕВЧЕНКІВСЬКИЙ ВІДДІЛ ПОЛІЦІЇ ГУНП У ЛЬВІВСЬКІЙ ОБЛАСТІ;24.09.2015 22:00;Селянська;12;ЗАЯВНИК
ЗАЛІЗНИЧНИЙ ВІДДІЛ ПОЛІЦІЇ ГУНП У ЛЬВІВСЬКІЙ ОБЛАСТІ;11.06.2015 15:37;Сигнівка;7;ЗАЯВНИК
ЗАЛІЗНИЧНИЙ ВІДДІЛ ПОЛІЦІЇ ГУНП У ЛЬВІВСЬКІЙ ОБЛАСТІ;11.02.2015 7:32;Сигнівка;3;ЗАЯВНИК
ФРАНКІВСЬКИЙ ВІДДІЛ ПОЛІЦІЇ ГУНП У ЛЬВІВСЬКІЙ ОБЛАСТІ;14.12.2015 23:00;Симоненка В.;20;ЗАЯВНИК
ФРАНКІВСЬКИЙ ВІДДІЛ ПОЛІЦІЇ ГУНП У ЛЬВІВСЬКІЙ ОБЛАСТІ;23.08.2015 23:45;Симоненка В.;18;ЗАЯВНИК
СИХІВСЬКИЙ ВІДДІЛ ПОЛІЦІЇ ГУНП У ЛЬВІВСЬКІЙ ОБЛАСТІ;03.12.2015 23:25;Сихівська;;ЗАЯВНИК
СИХІВСЬКИЙ ВІДДІЛ ПОЛІЦІЇ ГУНП У ЛЬВІВСЬКІЙ ОБЛАСТІ;12.09.2015 14:29;Сихівська;;ЗАЯВНИК
СИХІВСЬКИЙ ВІДДІЛ ПОЛІЦІЇ ГУНП У ЛЬВІВСЬКІЙ ОБЛАСТІ;28.04.2015 17:35;Сихівська;10;ОСОБА, НА ЯКУ ВКАЗАВ СВІДОК АБО ІНШІ ОБСТАВИНИ
СИХІВСЬКИЙ ВІДДІЛ ПОЛІЦІЇ ГУНП У ЛЬВІВСЬКІЙ ОБЛАСТІ;12.02.2015 18:50;Сихівська;18;ЗАЯВНИК
СИХІВСЬКИЙ ВІДДІЛ ПОЛІЦІЇ ГУНП У ЛЬВІВСЬКІЙ ОБЛАСТІ;11.06.2015 17:35;Сихівська;;ЗАЯВНИК
СИХІВСЬКИЙ ВІДДІЛ ПОЛІЦІЇ ГУНП У ЛЬВІВСЬКІЙ ОБЛАСТІ;12.05.2015 0:35;Сихівська;16;ЗАЯВНИК
СИХІВСЬКИЙ ВІДДІЛ ПОЛІЦІЇ ГУНП У ЛЬВІВСЬКІЙ ОБЛАСТІ;11.05.2015 23:30;Сихівська;;ЗАЯВНИК
СИХІВСЬКИЙ ВІДДІЛ ПОЛІЦІЇ ГУНП У ЛЬВІВСЬКІЙ ОБЛАСТІ;30.03.2015 15:00;Сихівська;12;ЗАЯВНИК
СИХІВСЬКИЙ ВІДДІЛ ПОЛІЦІЇ ГУНП У ЛЬВІВСЬКІЙ ОБЛАСТІ;23.04.2015 13:30;Сихівська;8;
СИХІВСЬКИЙ ВІДДІЛ ПОЛІЦІЇ ГУНП У ЛЬВІВСЬКІЙ ОБЛАСТІ;10.04.2015 18:10;Сихівська;30;ЗАЯВНИК
ГАЛИЦЬКИЙ ВІДДІЛ ПОЛІЦІЇ ГУНП У ЛЬВІВСЬКІЙ ОБЛАСТІ;08.12.2015 14:45;Січових Стрільців;;ЗАЯВНИК
ШЕВЧЕНКІВСЬКИЙ ВІДДІЛ ПОЛІЦІЇ ГУНП У ЛЬВІВСЬКІЙ ОБЛАСТІ;15.05.2015 10:00;Скидана К.;6;ЗАЯВНИК
СИХІВСЬКИЙ ВІДДІЛ ПОЛІЦІЇ ГУНП У ЛЬВІВСЬКІЙ ОБЛАСТІ;02.06.2015 11:53;Скорини Ф.;25;ЗАЯВНИК
СИХІВСЬКИЙ ВІДДІЛ ПОЛІЦІЇ ГУНП У ЛЬВІВСЬКІЙ ОБЛАСТІ;20.05.2015 17:41;Скорини Ф.;24;ЗАЯВНИК
СИХІВСЬКИЙ ВІДДІЛ ПОЛІЦІЇ ГУНП У ЛЬВІВСЬКІЙ ОБЛАСТІ;20.11.2015 20:08;Скрипника М.;1;ЗАЯВНИК
СИХІВСЬКИЙ ВІДДІЛ ПОЛІЦІЇ ГУНП У ЛЬВІВСЬКІЙ ОБЛАСТІ;20.09.2015 3:45;Скрипника М.;1;ЗАЯВНИК
ФРАНКІВСЬКИЙ ВІДДІЛ ПОЛІЦІЇ ГУНП У ЛЬВІВСЬКІЙ ОБЛАСТІ;13.06.2015 12:30;Смаль-Стоцького С.;;ЗАЯВНИК
ЛИЧАКІВСЬКИЙ ВІДДІЛ ПОЛІЦІЇ ГУНП У ЛЬВІВСЬКІЙ ОБЛАСТІ;22.05.2015 19:00;Соборна пл.;;ЗАЯВНИК
ГАЛИЦЬКИЙ ВІДДІЛ ПОЛІЦІЇ ГУНП У ЛЬВІВСЬКІЙ ОБЛАСТІ;20.09.2014 23:00;Соборна пл.;9;ЗАЯВНИК
ШЕВЧЕНКІВСЬКИЙ ВІДДІЛ ПОЛІЦІЇ ГУНП У ЛЬВІВСЬКІЙ ОБЛАСТІ;10.07.2015 22:21;Сорочинська;4;ЗАЯВНИК
ШЕВЧЕНКІВСЬКИЙ ВІДДІЛ ПОЛІЦІЇ ГУНП У ЛЬВІВСЬКІЙ ОБЛАСТІ;01.02.2015 13:54;Сосюри В.;1;ЗАЯВНИК
ГАЛИЦЬКИЙ ВІДДІЛ ПОЛІЦІЇ ГУНП У ЛЬВІВСЬКІЙ ОБЛАСТІ;24.09.2015 19:13;Старий Ринок пл.;8;ЗАЯВНИК
ЗАЛІЗНИЧНИЙ ВІДДІЛ ПОЛІЦІЇ ГУНП У ЛЬВІВСЬКІЙ ОБЛАСТІ;11.08.2015 16:45;Степанівни О.;33;ЗАЯВНИК
ЗАЛІЗНИЧНИЙ ВІДДІЛ ПОЛІЦІЇ ГУНП У ЛЬВІВСЬКІЙ ОБЛАСТІ;02.02.2015 4:38;Степанівни О.;50;ЗАЯВНИК
ГАЛИЦЬКИЙ ВІДДІЛ ПОЛІЦІЇ ГУНП У ЛЬВІВСЬКІЙ ОБЛАСТІ;11.10.2015 2:40;Стрийська;;ЗАЯВНИК
СИХІВСЬКИЙ ВІДДІЛ ПОЛІЦІЇ ГУНП У ЛЬВІВСЬКІЙ ОБЛАСТІ;05.06.2015 17:00;Стрийська;;ЗАЯВНИК
СИХІВСЬКИЙ ВІДДІЛ ПОЛІЦІЇ ГУНП У ЛЬВІВСЬКІЙ ОБЛАСТІ;01.04.2015 2:50;Стрийська;;ЗАЯВНИК
СИХІВСЬКИЙ ВІДДІЛ ПОЛІЦІЇ ГУНП У ЛЬВІВСЬКІЙ ОБЛАСТІ;21.10.2015 22:10;Стрийська;103;ЗАЯВНИК
СИХІВСЬКИЙ ВІДДІЛ ПОЛІЦІЇ ГУНП У ЛЬВІВСЬКІЙ ОБЛАСТІ;26.09.2015 3:45;Стрийська;;УЧАСНИК ПОДІІ
ФРАНКІВСЬКИЙ ВІДДІЛ ПОЛІЦІЇ ГУНП У ЛЬВІВСЬКІЙ ОБЛАСТІ;01.09.2015 9:30;Стрийська;104;ОСОБА, НА ЯКУ ВКАЗАВ СВІДОК АБО ІНШІ ОБСТАВИНИ
СИХІВСЬКИЙ ВІДДІЛ ПОЛІЦІЇ ГУНП У ЛЬВІВСЬКІЙ ОБЛАСТІ;15.08.2015 23:58;Стрийська;;ПОСТРАЖДАЛИЙ (ПОТЕРПІЛИЙ)
ГАЛИЦЬКИЙ ВІДДІЛ ПОЛІЦІЇ ГУНП У ЛЬВІВСЬКІЙ ОБЛАСТІ;21.05.2015 13:15;Стрийська;;ЗАЯВНИК
СИХІВСЬКИЙ ВІДДІЛ ПОЛІЦІЇ ГУНП У ЛЬВІВСЬКІЙ ОБЛАСТІ;20.05.2015 11:10;Стрийська;;ЗАЯВНИК
ГАЛИЦЬКИЙ ВІДДІЛ ПОЛІЦІЇ ГУНП У ЛЬВІВСЬКІЙ ОБЛАСТІ;12.05.2015 22:30;Стрийська;;ЗАЯВНИК
ГАЛИЦЬКИЙ ВІДДІЛ ПОЛІЦІЇ ГУНП У ЛЬВІВСЬКІЙ ОБЛАСТІ;01.05.2015 13:18;Стрийська;;ЗАЯВНИК
ГАЛИЦЬКИЙ ВІДДІЛ ПОЛІЦІЇ ГУНП У ЛЬВІВСЬКІЙ ОБЛАСТІ;22.01.2015 16:56;Стрийська;;ЗАЯВНИК
ЛИЧАКІВСЬКИЙ ВІДДІЛ ПОЛІЦІЇ ГУНП У ЛЬВІВСЬКІЙ ОБЛАСТІ;19.05.2015 14:15;Студентська;6;ЗАЯВНИК
ЗАЛІЗНИЧНИЙ ВІДДІЛ ПОЛІЦІЇ ГУНП У ЛЬВІВСЬКІЙ ОБЛАСТІ;30.07.2015 18:05;Суботівська;;ЗАЯВНИК
ЗАЛІЗНИЧНИЙ ВІДДІЛ ПОЛІЦІЇ ГУНП У ЛЬВІВСЬКІЙ ОБЛАСТІ;01.11.2015 2:00;Сяйво;;ЗАЯВНИК
ЗАЛІЗНИЧНИЙ ВІДДІЛ ПОЛІЦІЇ ГУНП У ЛЬВІВСЬКІЙ ОБЛАСТІ;07.09.2015 10:08;Сяйво;;
ЗАЛІЗНИЧНИЙ ВІДДІЛ ПОЛІЦІЇ ГУНП У ЛЬВІВСЬКІЙ ОБЛАСТІ;02.07.2015 14:48;Сяйво;15;ЗАЯВНИК
ЛИЧАКІВСЬКИЙ ВІДДІЛ ПОЛІЦІЇ ГУНП У ЛЬВІВСЬКІЙ ОБЛАСТІ;05.06.2015 13:00;Глинянський Тракт;;УЧАСНИК ПОДІІ
ГАЛИЦЬКИЙ ВІДДІЛ ПОЛІЦІЇ ГУНП У ЛЬВІВСЬКІЙ ОБЛАСТІ;01.06.2015 22:16;Тарнавського М.,ген.;10;ЗАЯВНИК
ГАЛИЦЬКИЙ ВІДДІЛ ПОЛІЦІЇ ГУНП У ЛЬВІВСЬКІЙ ОБЛАСТІ;31.08.2015 17:45;Тарнавського М.,ген.;;ЗАЯВНИК
ЛИЧАКІВСЬКИЙ ВІДДІЛ ПОЛІЦІЇ ГУНП У ЛЬВІВСЬКІЙ ОБЛАСТІ;22.06.2015 16:08;Тарнавського М.,ген.;16;
ШЕВЧЕНКІВСЬКИЙ ВІДДІЛ ПОЛІЦІЇ ГУНП У ЛЬВІВСЬКІЙ ОБЛАСТІ;23.10.2015 18:50;Творча;14;ЗАЯВНИК
ШЕВЧЕНКІВСЬКИЙ ВІДДІЛ ПОЛІЦІЇ ГУНП У ЛЬВІВСЬКІЙ ОБЛАСТІ;25.04.2015 17:26;Творча;1;ЗАЯВНИК
ШЕВЧЕНКІВСЬКИЙ ВІДДІЛ ПОЛІЦІЇ ГУНП У ЛЬВІВСЬКІЙ ОБЛАСТІ;12.04.2015 20:37;Творча;14;ЗАЯВНИК
ШЕВЧЕНКІВСЬКИЙ ВІДДІЛ ПОЛІЦІЇ ГУНП У ЛЬВІВСЬКІЙ ОБЛАСТІ;16.02.2015 16:00;Творча;1;ЗАЯВНИК
СИХІВСЬКИЙ ВІДДІЛ ПОЛІЦІЇ ГУНП У ЛЬВІВСЬКІЙ ОБЛАСТІ;03.09.2015 14:55;Тернопільська;6;ЗАЯВНИК
СИХІВСЬКИЙ ВІДДІЛ ПОЛІЦІЇ ГУНП У ЛЬВІВСЬКІЙ ОБЛАСТІ;20.05.2015 19:20;Тернопільська;7;ЗАЯВНИК
СИХІВСЬКИЙ ВІДДІЛ ПОЛІЦІЇ ГУНП У ЛЬВІВСЬКІЙ ОБЛАСТІ;06.03.2015 18:00;Тернопільська;;ЗАЯВНИК
СИХІВСЬКИЙ ВІДДІЛ ПОЛІЦІЇ ГУНП У ЛЬВІВСЬКІЙ ОБЛАСТІ;16.05.2015 12:10;Тернопільська;;ЗАЯВНИК
ГАЛИЦЬКИЙ ВІДДІЛ ПОЛІЦІЇ ГУНП У ЛЬВІВСЬКІЙ ОБЛАСТІ;01.06.2015 1:10;Тиктора І.;;ЗАЯВНИК
ГАЛИЦЬКИЙ ВІДДІЛ ПОЛІЦІЇ ГУНП У ЛЬВІВСЬКІЙ ОБЛАСТІ;25.07.2015 2:44;Тиха;3;ЗАЯВНИК
ШЕВЧЕНКІВСЬКИЙ ВІДДІЛ ПОЛІЦІЇ ГУНП У ЛЬВІВСЬКІЙ ОБЛАСТІ;02.04.2015 23:01;Тичини П.;15;ЗАЯВНИК
ШЕВЧЕНКІВСЬКИЙ ВІДДІЛ ПОЛІЦІЇ ГУНП У ЛЬВІВСЬКІЙ ОБЛАСТІ;03.06.2015 11:50;Топольний пров.3-й;;ЗАЯВНИК
ГАЛИЦЬКИЙ ВІДДІЛ ПОЛІЦІЇ ГУНП У ЛЬВІВСЬКІЙ ОБЛАСТІ;26.12.2015 23:00;Торгова;;ЗАЯВНИК
ЛИЧАКІВСЬКИЙ ВІДДІЛ ПОЛІЦІЇ ГУНП У ЛЬВІВСЬКІЙ ОБЛАСТІ;30.03.2015 15:00;Глинянський Тракт;;ЗАЯВНИК
ЛИЧАКІВСЬКИЙ ВІДДІЛ ПОЛІЦІЇ ГУНП У ЛЬВІВСЬКІЙ ОБЛАСТІ;16.10.2015 13:51;Глинянський Тракт;163;ЗАЯВНИК
СИХІВСЬКИЙ ВІДДІЛ ПОЛІЦІЇ ГУНП У ЛЬВІВСЬКІЙ ОБЛАСТІ;18.08.2015 19:50;Трильовського К.;23;ЗАЯВНИК
ФРАНКІВСЬКИЙ ВІДДІЛ ПОЛІЦІЇ ГУНП У ЛЬВІВСЬКІЙ ОБЛАСТІ;29.07.2015 17:39;Тролейбусна;10;ЗАЯВНИК
ЛИЧАКІВСЬКИЙ ВІДДІЛ ПОЛІЦІЇ ГУНП У ЛЬВІВСЬКІЙ ОБЛАСТІ;30.05.2015 22:10;Туркменська;18;ОСОБА, НА ЯКУ ВКАЗАВ СВІДОК АБО ІНШІ ОБСТАВИНИ
ГАЛИЦЬКИЙ ВІДДІЛ ПОЛІЦІЇ ГУНП У ЛЬВІВСЬКІЙ ОБЛАСТІ;25.05.2015 16:25;Тютюнників;;ЗАЯВНИК
ЛИЧАКІВСЬКИЙ ВІДДІЛ ПОЛІЦІЇ ГУНП У ЛЬВІВСЬКІЙ ОБЛАСТІ;15.05.2015 16:30;Тютюнників;53;ЗАЯВНИК
СИХІВСЬКИЙ ВІДДІЛ ПОЛІЦІЇ ГУНП У ЛЬВІВСЬКІЙ ОБЛАСТІ;06.08.2015 11:38;Угорська;10;ЗАЯВНИК
СИХІВСЬКИЙ ВІДДІЛ ПОЛІЦІЇ ГУНП У ЛЬВІВСЬКІЙ ОБЛАСТІ;22.06.2015 14:28;Угорська;15;ЗАЯВНИК
СИХІВСЬКИЙ ВІДДІЛ ПОЛІЦІЇ ГУНП У ЛЬВІВСЬКІЙ ОБЛАСТІ;25.05.2015 15:10;Угорська;14;ЗАЯВНИК
ГАЛИЦЬКИЙ ВІДДІЛ ПОЛІЦІЇ ГУНП У ЛЬВІВСЬКІЙ ОБЛАСТІ;09.03.2015 21:10;Університетська;;ЗАЯВНИК
ГАЛИЦЬКИЙ ВІДДІЛ ПОЛІЦІЇ ГУНП У ЛЬВІВСЬКІЙ ОБЛАСТІ;14.09.2015 20:30;Університетська;1;ЗАЯВНИК
ФРАНКІВСЬКИЙ ВІДДІЛ ПОЛІЦІЇ ГУНП У ЛЬВІВСЬКІЙ ОБЛАСТІ;10.08.2015 9:07;Федьковича Ю.;;ЗАЯВНИК
СИХІВСЬКИЙ ВІДДІЛ ПОЛІЦІЇ ГУНП У ЛЬВІВСЬКІЙ ОБЛАСТІ;08.06.2015 11:40;Франка І.;;ЗАЯВНИК
ГАЛИЦЬКИЙ ВІДДІЛ ПОЛІЦІЇ ГУНП У ЛЬВІВСЬКІЙ ОБЛАСТІ;02.06.2015 8:58;Франка І.;;ЗАЯВНИК
ГАЛИЦЬКИЙ ВІДДІЛ ПОЛІЦІЇ ГУНП У ЛЬВІВСЬКІЙ ОБЛАСТІ;20.01.2015 21:03;Франка І.;100;ЗАЯВНИК
ГАЛИЦЬКИЙ ВІДДІЛ ПОЛІЦІЇ ГУНП У ЛЬВІВСЬКІЙ ОБЛАСТІ;14.12.2015 21:59;Фурманська;7;ЗАЯВНИК
ШЕВЧЕНКІВСЬКИЙ ВІДДІЛ ПОЛІЦІЇ ГУНП У ЛЬВІВСЬКІЙ ОБЛАСТІ;15.12.2015 10:38;Хвильового М.;;ЗАЯВНИК
ШЕВЧЕНКІВСЬКИЙ ВІДДІЛ ПОЛІЦІЇ ГУНП У ЛЬВІВСЬКІЙ ОБЛАСТІ;06.06.2015 16:50;Хвильового М.;27;ЗАЯВНИК
ШЕВЧЕНКІВСЬКИЙ ВІДДІЛ ПОЛІЦІЇ ГУНП У ЛЬВІВСЬКІЙ ОБЛАСТІ;18.05.2015 23:15;Хвильового М.;12;ЗАЯВНИК
ШЕВЧЕНКІВСЬКИЙ ВІДДІЛ ПОЛІЦІЇ ГУНП У ЛЬВІВСЬКІЙ ОБЛАСТІ;02.05.2015 21:30;Хвильового М.;16;ЗАЯВНИК
ШЕВЧЕНКІВСЬКИЙ ВІДДІЛ ПОЛІЦІЇ ГУНП У ЛЬВІВСЬКІЙ ОБЛАСТІ;10.01.2015 22:00;Хімічна;22;ЗАЯВНИК
ШЕВЧЕНКІВСЬКИЙ ВІДДІЛ ПОЛІЦІЇ ГУНП У ЛЬВІВСЬКІЙ ОБЛАСТІ;04.11.2015 10:30;Хмельницького Б.;203;ЗАЯВНИК
ШЕВЧЕНКІВСЬКИЙ ВІДДІЛ ПОЛІЦІЇ ГУНП У ЛЬВІВСЬКІЙ ОБЛАСТІ;12.09.2015 16:29;Хмельницького Б.;;ЗАЯВНИК
ЛИЧАКІВСЬКИЙ ВІДДІЛ ПОЛІЦІЇ ГУНП У ЛЬВІВСЬКІЙ ОБЛАСТІ;06.09.2015 14:13;Хмельницького Б.;188А;ЗАЯВНИК
ГАЛИЦЬКИЙ ВІДДІЛ ПОЛІЦІЇ ГУНП У ЛЬВІВСЬКІЙ ОБЛАСТІ;01.04.2015 19:20;Хмельницького Б.;2445;ЗАЯВНИК
ГАЛИЦЬКИЙ ВІДДІЛ ПОЛІЦІЇ ГУНП У ЛЬВІВСЬКІЙ ОБЛАСТІ;01.04.2015 18:30;Хмельницького Б.;257;ЗАЯВНИК
ШЕВЧЕНКІВСЬКИЙ ВІДДІЛ ПОЛІЦІЇ ГУНП У ЛЬВІВСЬКІЙ ОБЛАСТІ;04.03.2015 0:30;Хмельницького Б.;;ЗАЯВНИК
ШЕВЧЕНКІВСЬКИЙ ВІДДІЛ ПОЛІЦІЇ ГУНП У ЛЬВІВСЬКІЙ ОБЛАСТІ;12.08.2015 19:18;Хмельницького Б.;;ЗАЯВНИК
ШЕВЧЕНКІВСЬКИЙ ВІДДІЛ ПОЛІЦІЇ ГУНП У ЛЬВІВСЬКІЙ ОБЛАСТІ;08.08.2015 8:34;Хмельницького Б.;66;ЗАЯВНИК
ЛИЧАКІВСЬКИЙ ВІДДІЛ ПОЛІЦІЇ ГУНП У ЛЬВІВСЬКІЙ ОБЛАСТІ;02.08.2015 9:12;Хмельницького Б.;158;ЗАЯВНИК
ГАЛИЦЬКИЙ ВІДДІЛ ПОЛІЦІЇ ГУНП У ЛЬВІВСЬКІЙ ОБЛАСТІ;02.08.2015 2:29;Хмельницького Б.;2;ЗАЯВНИК
ШЕВЧЕНКІВСЬКИЙ ВІДДІЛ ПОЛІЦІЇ ГУНП У ЛЬВІВСЬКІЙ ОБЛАСТІ;02.07.2015 23:45;Хмельницького Б.;267;ЗАЯВНИК
ГАЛИЦЬКИЙ ВІДДІЛ ПОЛІЦІЇ ГУНП У ЛЬВІВСЬКІЙ ОБЛАСТІ;19.04.2015 20:12;Хмельницького Б.;63;ЗАЯВНИК
ЗАЛІЗНИЧНИЙ ВІДДІЛ ПОЛІЦІЇ ГУНП У ЛЬВІВСЬКІЙ ОБЛАСТІ;03.02.2015 22:04;Хотинська;3;ЗАЯВНИК
СИХІВСЬКИЙ ВІДДІЛ ПОЛІЦІЇ ГУНП У ЛЬВІВСЬКІЙ ОБЛАСТІ;27.10.2015 20:00;Хоткевича Г.;;ЗАЯВНИК
СИХІВСЬКИЙ ВІДДІЛ ПОЛІЦІЇ ГУНП У ЛЬВІВСЬКІЙ ОБЛАСТІ;10.08.2015 21:05;Хуторівка;4 Б;ЗАЯВНИК
СИХІВСЬКИЙ ВІДДІЛ ПОЛІЦІЇ ГУНП У ЛЬВІВСЬКІЙ ОБЛАСТІ;18.06.2015 12:46;Хуторівка;42;ЗАЯВНИК
СИХІВСЬКИЙ ВІДДІЛ ПОЛІЦІЇ ГУНП У ЛЬВІВСЬКІЙ ОБЛАСТІ;10.04.2015 2:10;Хуторівка;2;ЗАЯВНИК
СИХІВСЬКИЙ ВІДДІЛ ПОЛІЦІЇ ГУНП У ЛЬВІВСЬКІЙ ОБЛАСТІ;01.05.2015 0:55;Хуторівка;22;ЗАЯВНИК
ШЕВЧЕНКІВСЬКИЙ ВІДДІЛ ПОЛІЦІЇ ГУНП У ЛЬВІВСЬКІЙ ОБЛАСТІ;09.11.2015 1:00;Циганівка;11;ЗАЯВНИК
СИХІВСЬКИЙ ВІДДІЛ ПОЛІЦІЇ ГУНП У ЛЬВІВСЬКІЙ ОБЛАСТІ;31.12.2015 12:40;Червоної Калини просп.;107;ЗАЯВНИК
СИХІВСЬКИЙ ВІДДІЛ ПОЛІЦІЇ ГУНП У ЛЬВІВСЬКІЙ ОБЛАСТІ;11.12.2015 14:25;Червоної Калини просп.;;ЗАЯВНИК
СИХІВСЬКИЙ ВІДДІЛ ПОЛІЦІЇ ГУНП У ЛЬВІВСЬКІЙ ОБЛАСТІ;07.12.2015 18:30;Червоної Калини просп.;;ЗАЯВНИК
СИХІВСЬКИЙ ВІДДІЛ ПОЛІЦІЇ ГУНП У ЛЬВІВСЬКІЙ ОБЛАСТІ;30.11.2015 23:00;Червоної Калини просп.;;ЗАЯВНИК
СИХІВСЬКИЙ ВІДДІЛ ПОЛІЦІЇ ГУНП У ЛЬВІВСЬКІЙ ОБЛАСТІ;30.06.2015 21:00;Червоної Калини просп.;;ЗАЯВНИК
СИХІВСЬКИЙ ВІДДІЛ ПОЛІЦІЇ ГУНП У ЛЬВІВСЬКІЙ ОБЛАСТІ;26.06.2015 18:00;Червоної Калини просп.;;
СИХІВСЬКИЙ ВІДДІЛ ПОЛІЦІЇ ГУНП У ЛЬВІВСЬКІЙ ОБЛАСТІ;26.06.2015 14:50;Червоної Калини просп.;;ОСОБА, НА ЯКУ ВКАЗАВ СВІДОК АБО ІНШІ ОБСТАВИНИ
СИХІВСЬКИЙ ВІДДІЛ ПОЛІЦІЇ ГУНП У ЛЬВІВСЬКІЙ ОБЛАСТІ;06.04.2015 21:50;Червоної Калини просп.;109;ЗАЯВНИК
СИХІВСЬКИЙ ВІДДІЛ ПОЛІЦІЇ ГУНП У ЛЬВІВСЬКІЙ ОБЛАСТІ;12.02.2015 12:35;Червоної Калини просп.;;ЗАЯВНИК
ГАЛИЦЬКИЙ ВІДДІЛ ПОЛІЦІЇ ГУНП У ЛЬВІВСЬКІЙ ОБЛАСТІ;04.12.2014 9:30;Чайковського П.;11;ЗАЯВНИК
СИХІВСЬКИЙ ВІДДІЛ ПОЛІЦІЇ ГУНП У ЛЬВІВСЬКІЙ ОБЛАСТІ;24.07.2015 9:38;Червоної Калини просп.;7;ЗАЯВНИК
СИХІВСЬКИЙ ВІДДІЛ ПОЛІЦІЇ ГУНП У ЛЬВІВСЬКІЙ ОБЛАСТІ;23.02.2015 0:24;Червоної Калини просп.;77;ЗАЯВНИК
СИХІВСЬКИЙ ВІДДІЛ ПОЛІЦІЇ ГУНП У ЛЬВІВСЬКІЙ ОБЛАСТІ;15.01.2015 18:36;Червоної Калини просп.;49;ЗАЯВНИК
СИХІВСЬКИЙ ВІДДІЛ ПОЛІЦІЇ ГУНП У ЛЬВІВСЬКІЙ ОБЛАСТІ;15.06.2015 14:00;Червоної Калини просп.;117;ЗАЯВНИК
ЛИЧАКІВСЬКИЙ ВІДДІЛ ПОЛІЦІЇ ГУНП У ЛЬВІВСЬКІЙ ОБЛАСТІ;28.12.2015 18:00;Черкаська;;ЗАЯВНИК
ЗАЛІЗНИЧНИЙ ВІДДІЛ ПОЛІЦІЇ ГУНП У ЛЬВІВСЬКІЙ ОБЛАСТІ;13.12.2015 21:00;Чернівецька;1;ЗАЯВНИК
ЛИЧАКІВСЬКИЙ ВІДДІЛ ПОЛІЦІЇ ГУНП У ЛЬВІВСЬКІЙ ОБЛАСТІ;10.08.2015 14:01;Чернівецька;;ЗАЯВНИК
ШЕВЧЕНКІВСЬКИЙ ВІДДІЛ ПОЛІЦІЇ ГУНП У ЛЬВІВСЬКІЙ ОБЛАСТІ;14.08.2015 13:28;Чигиринська;13;ЗАЯВНИК
ШЕВЧЕНКІВСЬКИЙ ВІДДІЛ ПОЛІЦІЇ ГУНП У ЛЬВІВСЬКІЙ ОБЛАСТІ;05.07.2015 18:57;Чигиринська;1;ЗАЯВНИК
ШЕВЧЕНКІВСЬКИЙ ВІДДІЛ ПОЛІЦІЇ ГУНП У ЛЬВІВСЬКІЙ ОБЛАСТІ;09.12.2015 10:26;Чорновола В.,просп.;55;ЗАЯВНИК
ШЕВЧЕНКІВСЬКИЙ ВІДДІЛ ПОЛІЦІЇ ГУНП У ЛЬВІВСЬКІЙ ОБЛАСТІ;03.12.2015 23:37;Чорновола В.,просп.;;ЗАЯВНИК
ШЕВЧЕНКІВСЬКИЙ ВІДДІЛ ПОЛІЦІЇ ГУНП У ЛЬВІВСЬКІЙ ОБЛАСТІ;04.11.2015 22:45;Чорновола В.,просп.;99;ЗАЯВНИК
ШЕВЧЕНКІВСЬКИЙ ВІДДІЛ ПОЛІЦІЇ ГУНП У ЛЬВІВСЬКІЙ ОБЛАСТІ;10.10.2015 4:00;Чорновола В.,просп.;65;ЗАЯВНИК
ШЕВЧЕНКІВСЬКИЙ ВІДДІЛ ПОЛІЦІЇ ГУНП У ЛЬВІВСЬКІЙ ОБЛАСТІ;09.10.2015 13:22;Чорновола В.,просп.;;ЗАЯВНИК
ШЕВЧЕНКІВСЬКИЙ ВІДДІЛ ПОЛІЦІЇ ГУНП У ЛЬВІВСЬКІЙ ОБЛАСТІ;10.09.2015 22:00;Чорновола В.,просп.;;ЗАЯВНИК
ГАЛИЦЬКИЙ ВІДДІЛ ПОЛІЦІЇ ГУНП У ЛЬВІВСЬКІЙ ОБЛАСТІ;05.09.2015 6:21;Чорновола В.,просп.;;ЗАЯВНИК
ШЕВЧЕНКІВСЬКИЙ ВІДДІЛ ПОЛІЦІЇ ГУНП У ЛЬВІВСЬКІЙ ОБЛАСТІ;26.08.2015 19:55;Чорновола В.,просп.;45;ЗАЯВНИК
ШЕВЧЕНКІВСЬКИЙ ВІДДІЛ ПОЛІЦІЇ ГУНП У ЛЬВІВСЬКІЙ ОБЛАСТІ;25.08.2015 8:00;Чорновола В.,просп.;43А;
ШЕВЧЕНКІВСЬКИЙ ВІДДІЛ ПОЛІЦІЇ ГУНП У ЛЬВІВСЬКІЙ ОБЛАСТІ;20.06.2015 0:20;Чорновола В.,просп.;59;УЧАСНИК ПОДІІ-ПОСТРАЖДАЛИЙ
ГАЛИЦЬКИЙ ВІДДІЛ ПОЛІЦІЇ ГУНП У ЛЬВІВСЬКІЙ ОБЛАСТІ;08.06.2015 14:00;Чорновола В.,просп.;;ЗАЯВНИК
ШЕВЧЕНКІВСЬКИЙ ВІДДІЛ ПОЛІЦІЇ ГУНП У ЛЬВІВСЬКІЙ ОБЛАСТІ;25.05.2015 19:30;Чорновола В.,просп.;105;ОСОБА, НА ЯКУ ВКАЗАВ СВІДОК АБО ІНШІ ОБСТАВИНИ
ШЕВЧЕНКІВСЬКИЙ ВІДДІЛ ПОЛІЦІЇ ГУНП У ЛЬВІВСЬКІЙ ОБЛАСТІ;12.05.2015 10:00;Чорновола В.,просп.;65;ЗАЯВНИК
ШЕВЧЕНКІВСЬКИЙ ВІДДІЛ ПОЛІЦІЇ ГУНП У ЛЬВІВСЬКІЙ ОБЛАСТІ;29.03.2015 22:30;Чорновола В.,просп.;45;ЗАЯВНИК
ШЕВЧЕНКІВСЬКИЙ ВІДДІЛ ПОЛІЦІЇ ГУНП У ЛЬВІВСЬКІЙ ОБЛАСТІ;12.08.2015 21:47;Чорновола В.,просп.;;ЗАЯВНИК
ШЕВЧЕНКІВСЬКИЙ ВІДДІЛ ПОЛІЦІЇ ГУНП У ЛЬВІВСЬКІЙ ОБЛАСТІ;02.08.2015 23:06;Чорновола В.,просп.;;ЗАЯВНИК
ШЕВЧЕНКІВСЬКИЙ ВІДДІЛ ПОЛІЦІЇ ГУНП У ЛЬВІВСЬКІЙ ОБЛАСТІ;29.07.2015 22:44;Чорновола В.,просп.;;ЗАЯВНИК
ГАЛИЦЬКИЙ ВІДДІЛ ПОЛІЦІЇ ГУНП У ЛЬВІВСЬКІЙ ОБЛАСТІ;11.06.2015 4:36;Чорновола В.,просп.;;ЗАЯВНИК
ШЕВЧЕНКІВСЬКИЙ ВІДДІЛ ПОЛІЦІЇ ГУНП У ЛЬВІВСЬКІЙ ОБЛАСТІ;27.04.2015 19:10;Чорновола В.,просп.;;ЗАЯВНИК
ГАЛИЦЬКИЙ ВІДДІЛ ПОЛІЦІЇ ГУНП У ЛЬВІВСЬКІЙ ОБЛАСТІ;17.04.2015 3:56;Чорновола В.,просп.;7;ЗАЯВНИК
ГАЛИЦЬКИЙ ВІДДІЛ ПОЛІЦІЇ ГУНП У ЛЬВІВСЬКІЙ ОБЛАСТІ;17.03.2015 1:03;Чорновола В.,просп.;;ЗАЯВНИК
ГАЛИЦЬКИЙ ВІДДІЛ ПОЛІЦІЇ ГУНП У ЛЬВІВСЬКІЙ ОБЛАСТІ;26.07.2015 21:31;Чорноморська;12;ЗАЯВНИК
СИХІВСЬКИЙ ВІДДІЛ ПОЛІЦІЇ ГУНП У ЛЬВІВСЬКІЙ ОБЛАСТІ;04.06.2015 20:00;Чукаріна В.;;ЗАЯВНИК
СИХІВСЬКИЙ ВІДДІЛ ПОЛІЦІЇ ГУНП У ЛЬВІВСЬКІЙ ОБЛАСТІ;18.08.2015 16:19;Чукаріна В.;10;ЗАЯВНИК
СИХІВСЬКИЙ ВІДДІЛ ПОЛІЦІЇ ГУНП У ЛЬВІВСЬКІЙ ОБЛАСТІ;10.05.2015 21:25;Чукаріна В.;8;ЗАЯВНИК
ФРАНКІВСЬКИЙ ВІДДІЛ ПОЛІЦІЇ ГУНП У ЛЬВІВСЬКІЙ ОБЛАСТІ;03.08.2015 23:31;Чупринки Т.,ген.;136;ЗАЯВНИК
ЛИЧАКІВСЬКИЙ ВІДДІЛ ПОЛІЦІЇ ГУНП У ЛЬВІВСЬКІЙ ОБЛАСТІ;25.11.2015 22:25;Руставелі Ш.;6;ЗАЯВНИК
ЛИЧАКІВСЬКИЙ ВІДДІЛ ПОЛІЦІЇ ГУНП У ЛЬВІВСЬКІЙ ОБЛАСТІ;22.02.2015 15:14;Шафарика П.;2;ЗАЯВНИК
ШЕВЧЕНКІВСЬКИЙ ВІДДІЛ ПОЛІЦІЇ ГУНП У ЛЬВІВСЬКІЙ ОБЛАСТІ;28.12.2015 17:53;Шевченка Т.;;ЗАЯВНИК
ШЕВЧЕНКІВСЬКИЙ ВІДДІЛ ПОЛІЦІЇ ГУНП У ЛЬВІВСЬКІЙ ОБЛАСТІ;15.12.2015 20:53;Шевченка Т.;144;ЗАЯВНИК
ШЕВЧЕНКІВСЬКИЙ ВІДДІЛ ПОЛІЦІЇ ГУНП У ЛЬВІВСЬКІЙ ОБЛАСТІ;13.11.2015 22:00;Шевченка Т.;406;ЗАЯВНИК
ШЕВЧЕНКІВСЬКИЙ ВІДДІЛ ПОЛІЦІЇ ГУНП У ЛЬВІВСЬКІЙ ОБЛАСТІ;19.10.2015 18:00;Шевченка Т.;350;
ШЕВЧЕНКІВСЬКИЙ ВІДДІЛ ПОЛІЦІЇ ГУНП У ЛЬВІВСЬКІЙ ОБЛАСТІ;18.10.2015 14:00;Шевченка Т.;350;ЗАЯВНИК
ЗАЛІЗНИЧНИЙ ВІДДІЛ ПОЛІЦІЇ ГУНП У ЛЬВІВСЬКІЙ ОБЛАСТІ;29.09.2015 14:11;Шевченка Т.;45;ЗАЯВНИК
ГАЛИЦЬКИЙ ВІДДІЛ ПОЛІЦІЇ ГУНП У ЛЬВІВСЬКІЙ ОБЛАСТІ;09.01.2015 6:00;Шевченка Т.;;ЗАЯВНИК
ШЕВЧЕНКІВСЬКИЙ ВІДДІЛ ПОЛІЦІЇ ГУНП У ЛЬВІВСЬКІЙ ОБЛАСТІ;03.07.2015 17:30;Шевченка Т.;352;ЗАЯВНИК
ШЕВЧЕНКІВСЬКИЙ ВІДДІЛ ПОЛІЦІЇ ГУНП У ЛЬВІВСЬКІЙ ОБЛАСТІ;27.06.2015 16:27;Шевченка Т.;340;ЗАЯВНИК
ГАЛИЦЬКИЙ ВІДДІЛ ПОЛІЦІЇ ГУНП У ЛЬВІВСЬКІЙ ОБЛАСТІ;26.05.2015 22:09;Шевченка Т.;7;ЗАЯВНИК
ЗАЛІЗНИЧНИЙ ВІДДІЛ ПОЛІЦІЇ ГУНП У ЛЬВІВСЬКІЙ ОБЛАСТІ;29.04.2015 3:55;Шевченка Т.;;ЗАЯВНИК
ШЕВЧЕНКІВСЬКИЙ ВІДДІЛ ПОЛІЦІЇ ГУНП У ЛЬВІВСЬКІЙ ОБЛАСТІ;17.03.2015 22:25;Шевченка Т.;367;ЗАЯВНИК
ШЕВЧЕНКІВСЬКИЙ ВІДДІЛ ПОЛІЦІЇ ГУНП У ЛЬВІВСЬКІЙ ОБЛАСТІ;03.01.2015 18:09;Шевченка Т.;108;ЗАЯВНИК
ШЕВЧЕНКІВСЬКИЙ ВІДДІЛ ПОЛІЦІЇ ГУНП У ЛЬВІВСЬКІЙ ОБЛАСТІ;25.12.2015 20:00;Шевченка Т.;338;ЗАЯВНИК
ШЕВЧЕНКІВСЬКИЙ ВІДДІЛ ПОЛІЦІЇ ГУНП У ЛЬВІВСЬКІЙ ОБЛАСТІ;05.12.2015 9:00;Шевченка Т.;334;ЗАЯВНИК
ШЕВЧЕНКІВСЬКИЙ ВІДДІЛ ПОЛІЦІЇ ГУНП У ЛЬВІВСЬКІЙ ОБЛАСТІ;26.11.2015 20:00;Шевченка Т.;50;ЗАЯВНИК
ГАЛИЦЬКИЙ ВІДДІЛ ПОЛІЦІЇ ГУНП У ЛЬВІВСЬКІЙ ОБЛАСТІ;25.11.2015 5:45;Шептицьких;25;ЗАЯВНИК
ГАЛИЦЬКИЙ ВІДДІЛ ПОЛІЦІЇ ГУНП У ЛЬВІВСЬКІЙ ОБЛАСТІ;20.07.2015 22:11;Шептицьких;1;ЗАЯВНИК
ЗАЛІЗНИЧНИЙ ВІДДІЛ ПОЛІЦІЇ ГУНП У ЛЬВІВСЬКІЙ ОБЛАСТІ;27.07.2015 10:58;Широка;29;ЗАЯВНИК
ЗАЛІЗНИЧНИЙ ВІДДІЛ ПОЛІЦІЇ ГУНП У ЛЬВІВСЬКІЙ ОБЛАСТІ;20.07.2015 11:40;Широка;;ЗАЯВНИК
ЗАЛІЗНИЧНИЙ ВІДДІЛ ПОЛІЦІЇ ГУНП У ЛЬВІВСЬКІЙ ОБЛАСТІ;05.05.2015 11:10;Широка;;ЗАЯВНИК
ЗАЛІЗНИЧНИЙ ВІДДІЛ ПОЛІЦІЇ ГУНП У ЛЬВІВСЬКІЙ ОБЛАСТІ;28.12.2015 23:30;Широка;75;ЗАЯВНИК
ЗАЛІЗНИЧНИЙ ВІДДІЛ ПОЛІЦІЇ ГУНП У ЛЬВІВСЬКІЙ ОБЛАСТІ;12.11.2015 1:30;Широка;76;ЗАЯВНИК
ЗАЛІЗНИЧНИЙ ВІДДІЛ ПОЛІЦІЇ ГУНП У ЛЬВІВСЬКІЙ ОБЛАСТІ;05.11.2015 9:06;Широка;72;ЗАЯВНИК
ЗАЛІЗНИЧНИЙ ВІДДІЛ ПОЛІЦІЇ ГУНП У ЛЬВІВСЬКІЙ ОБЛАСТІ;02.09.2015 21:45;Широка;69;ЗАЯВНИК
ЗАЛІЗНИЧНИЙ ВІДДІЛ ПОЛІЦІЇ ГУНП У ЛЬВІВСЬКІЙ ОБЛАСТІ;22.07.2015 21:20;Широка;91;ЗАЯВНИК
ГАЛИЦЬКИЙ ВІДДІЛ ПОЛІЦІЇ ГУНП У ЛЬВІВСЬКІЙ ОБЛАСТІ;02.06.2015 3:00;Шпитальна;1;ЗАЯВНИК
ГАЛИЦЬКИЙ ВІДДІЛ ПОЛІЦІЇ ГУНП У ЛЬВІВСЬКІЙ ОБЛАСТІ;06.03.2015 17:00;Шпитальна;1;ЗАЯВНИК
ШЕВЧЕНКІВСЬКИЙ ВІДДІЛ ПОЛІЦІЇ ГУНП У ЛЬВІВСЬКІЙ ОБЛАСТІ;23.09.2015 18:43;Шполянська;22;ЗАЯВНИК
ШЕВЧЕНКІВСЬКИЙ ВІДДІЛ ПОЛІЦІЇ ГУНП У ЛЬВІВСЬКІЙ ОБЛАСТІ;14.11.2015 0:30;Щурата;5;
ШЕВЧЕНКІВСЬКИЙ ВІДДІЛ ПОЛІЦІЇ ГУНП У ЛЬВІВСЬКІЙ ОБЛАСТІ;01.07.2015 18:00;Щурата;;ЗАЯВНИК
ШЕВЧЕНКІВСЬКИЙ ВІДДІЛ ПОЛІЦІЇ ГУНП У ЛЬВІВСЬКІЙ ОБЛАСТІ;24.10.2015 1:00;Єрошенка В.;;ЗАЯВНИК
ШЕВЧЕНКІВСЬКИЙ ВІДДІЛ ПОЛІЦІЇ ГУНП У ЛЬВІВСЬКІЙ ОБЛАСТІ;03.10.2015 20:15;Єрошенка В.;30;ПОСТРАЖДАЛИЙ (ПОТЕРПІЛИЙ)
ШЕВЧЕНКІВСЬКИЙ ВІДДІЛ ПОЛІЦІЇ ГУНП У ЛЬВІВСЬКІЙ ОБЛАСТІ;12.11.2015 20:00;Липи Ю.;35;ЗАЯВНИК
ШЕВЧЕНКІВСЬКИЙ ВІДДІЛ ПОЛІЦІЇ ГУНП У ЛЬВІВСЬКІЙ ОБЛАСТІ;28.01.2015 16:35;Липи Ю.;39;ОСОБА, НА ЯКУ ВКАЗАВ СВІДОК АБО ІНШІ ОБСТАВИНИ
ЛИЧАКІВСЬКИЙ ВІДДІЛ ПОЛІЦІЇ ГУНП У ЛЬВІВСЬКІЙ ОБЛАСТІ;24.01.2015 0:00;Ярослава Мудрого;;ЗАЯВНИК
ЗАЛІЗНИЧНИЙ ВІДДІЛ ПОЛІЦІЇ ГУНП У ЛЬВІВСЬКІЙ ОБЛАСТІ;10.09.2015 11:25;Яворницького Д.;9Б;ЗАЯВНИК
ЗАЛІЗНИЧНИЙ ВІДДІЛ ПОЛІЦІЇ ГУНП У ЛЬВІВСЬКІЙ ОБЛАСТІ;21.07.2015 21:34;Яворницького Д.;3;ЗАЯВНИК
ЗАЛІЗНИЧНИЙ ВІДДІЛ ПОЛІЦІЇ ГУНП У ЛЬВІВСЬКІЙ ОБЛАСТІ;19.06.2015 11:02;Яворницького Д.;7;ЗАЯВНИК
ЛИЧАКІВСЬКИЙ ВІДДІЛ ПОЛІЦІЇ ГУНП У ЛЬВІВСЬКІЙ ОБЛАСТІ;07.08.2015 8:22;Ялівець;;ЗАЯВНИК
СИХІВСЬКИЙ ВІДДІЛ ПОЛІЦІЇ ГУНП У ЛЬВІВСЬКІЙ ОБЛАСТІ;13.10.2015 0:30;Ярославенка Я.;43;ЗАЯВНИК
СИХІВСЬКИЙ ВІДДІЛ ПОЛІЦІЇ ГУНП У ЛЬВІВСЬКІЙ ОБЛАСТІ;19.09.2015 11:00;Ярославенка Я.;;ЗАЯВНИК
СИХІВСЬКИЙ ВІДДІЛ ПОЛІЦІЇ ГУНП У ЛЬВІВСЬКІЙ ОБЛАСТІ;21.08.2015 22:00;Ярославенка Я.;4;ЗАЯВНИК
ЗАЛІЗНИЧНИЙ ВІДДІЛ ПОЛІЦІЇ ГУНП У ЛЬВІВСЬКІЙ ОБЛАСТІ;24.05.2015 14:49;Ясна;25;ЗАЯВНИК
